id,term_en,acronym,domain,priority,definition_en,definition_source,source_id,source_doc,source_page,notes,approvedBy
cuas-001,unmanned aircraft system (UAS),UAS,cuas,1,"That system of equipment, network, and personnel to control an unmanned aircraft. Also called UAS.",doctrine,us-dod-dict-2026-08,DoD Dictionary (Aug 2026),169,Doctrinal reference: JP 3-30.,owner (delegated 2026-10-03)
cuas-002,unmanned aircraft (UA),UA,cuas,1,An aircraft that does not carry a human operator and is capable of flight with or without human remote control. Also called UA.,doctrine,us-dod-dict-2026-08,DoD Dictionary (Aug 2026),169,Doctrinal reference: JP 3-30.,owner (delegated 2026-10-03)
cuas-003,small unmanned aircraft system (sUAS),,cuas,1,"An unmanned aircraft system whose aircraft weighs less than 55 pounds, together with its ground control station and data links.",original,,authored,,Weight threshold as in US civil aviation rules (14 CFR part 107); in doctrine sUAS usually means Groups 1–2.,owner (delegated 2026-10-03)
cuas-004,UAS group (Groups 1–5),,cuas,1,"One of five size classes the US military uses for unmanned aircraft, from Group 1 (under 20 pounds, low and slow) to Group 5 (over 1,320 pounds, flying above 18,000 feet).",original,,authored,,"Groups by maximum weight, operating altitude and speed; table in ATP 3-01.81 ch. 1.",owner (delegated 2026-10-03)
cuas-005,first-person-view (FPV) drone,,cuas,1,"A small drone flown by an operator who watches a live video feed from its onboard camera, often through goggles, and often used as a guided explosive weapon.",original,,authored,,,owner (delegated 2026-10-03)
cuas-006,loitering munition (one-way attack UAS),,cuas,1,Loitering munition is a reference to any UAS that can engage beyond line-of-sight ground targets with an explosive warhead or lethal payload to cause injury via a “suicide mode” attack. 1-8.,doctrine,us-atp-3-01-81,ATP 3-01.81,4,Defining sentence quoted from the body text.,owner (delegated 2026-10-03)
cuas-007,swarm,,cuas,1,A group of unmanned aircraft that operate together under coordinated or automated control to overwhelm defenses or complete a shared task.,original,,authored,,,owner (delegated 2026-10-03)
cuas-008,fixed-wing aircraft,,cuas,1,"An aircraft that gets lift from wings that do not move, so it must keep moving forward to stay in the air.",original,,authored,,,owner (delegated 2026-10-03)
cuas-009,rotary-wing aircraft,,cuas,1,"An aircraft that gets lift from spinning rotor blades, so it can take off vertically and hover.",original,,authored,,,owner (delegated 2026-10-03)
cuas-010,multirotor drone,,cuas,1,"A drone lifted by several horizontal propellers (commonly four, six or eight) that lets it hover and change direction quickly.",original,,authored,,,owner (delegated 2026-10-03)
cuas-011,counter-unmanned aircraft system (C-UAS),,cuas,1,"The equipment, people and procedures used to detect, track, identify and defeat hostile or unauthorized unmanned aircraft.",original,,authored,,,owner (delegated 2026-10-03)
cuas-012,layered defense,,cuas,1,A defense that places several sensors and weapons at different ranges so that a threat that gets past one layer can still be stopped by the next.,original,,authored,,,owner (delegated 2026-10-03)
cuas-013,detection,,cuas,1,"In counter-UAS, the first step: sensing that an aircraft or drone is present, by radar, radio-frequency, optical or acoustic sensors.",original,,authored,,The DoD Dictionary entry is the CBRN sense.,owner (delegated 2026-10-03)
cuas-014,tracking,,cuas,1,"Precise and continuous position-finding of targets by radar, optical, or other means.",doctrine,us-dod-dict-2026-08,DoD Dictionary (Aug 2026),164,Doctrinal reference: JP 3-07.4.,owner (delegated 2026-10-03)
cuas-015,identification (ID),ID,cuas,1,"1. The process of determining the friendly or hostile character of an unknown detected contact. 2. In arms control, the process of determining which nation is responsible for the detected violations of any arms control measure. 3. In ground combat operations, discrimination between recognizable objects as being friendly or enemy, or the name that belongs to the object as a member of a class. Also called ID.",doctrine,us-dod-dict-2026-08,DoD Dictionary (Aug 2026),73,Doctrinal reference: JP 3-01.,owner (delegated 2026-10-03)
cuas-016,defeat,,cuas,1,"In counter-UAS, the step that stops an unmanned aircraft from completing its mission, by destroying it, disabling it or taking control of it.",original,,authored,,,owner (delegated 2026-10-03)
cuas-017,kinetic defeat,,cuas,1,"Stopping an unmanned aircraft by physically hitting it, for example with gunfire, a missile, an interceptor drone or a net.",original,,authored,,Also 'hard kill'.,owner (delegated 2026-10-03)
cuas-018,non-kinetic defeat,,cuas,1,"Stopping an unmanned aircraft without physically hitting it, for example by jamming its control link or its satellite navigation.",original,,authored,,Also 'soft kill'.,owner (delegated 2026-10-03)
cuas-019,radio-frequency (RF) detection,,cuas,1,"Finding a drone by picking up the radio signals passing between it and its controller, which can also point to where the operator is.",original,,authored,,,owner (delegated 2026-10-03)
cuas-020,radar,,cuas,1,"A sensor that sends out radio waves and measures their echoes to find the position, speed and direction of objects such as aircraft.",original,,authored,,,owner (delegated 2026-10-03)
cuas-021,electro-optical/infrared (EO/IR) sensor,,cuas,1,"A camera system that uses visible light and heat images to see, follow and identify a target by day or night.",original,,authored,,,owner (delegated 2026-10-03)
cuas-022,acoustic sensor,,cuas,1,A sensor that detects a drone by listening for the sound of its motors and propellers.,original,,authored,,,owner (delegated 2026-10-03)
cuas-023,active defense,,cuas,1,The employment of limited offensive action and counterattacks to deny a contested area or position to the enemy.,doctrine,us-atp-3-01-81,ATP 3-01.81,86,Doctrinal reference: JP 3-60.,owner (delegated 2026-10-03)
cuas-024,passive defense,,cuas,1,Measures taken to reduce the probability of and to minimize the effects of damage caused by hostile action without the intention of taking the initiative.,doctrine,us-atp-3-01-81,ATP 3-01.81,86,Doctrinal reference: JP 3-60.,owner (delegated 2026-10-03)
cuas-025,electromagnetic jamming,,cuas,1,"The deliberate radiation, reradiation, or reflection of electromagnetic energy for the purpose of preventing or reducing the effective use of the electromagnetic spectrum, with the intent of degrading or disrupting combat capability.",doctrine,us-dod-dict-2026-08,DoD Dictionary (Aug 2026),50,Usually just 'jamming'. Doctrinal reference: JP 3-85.,owner (delegated 2026-10-03)
cuas-026,spoofing,,cuas,1,"Sending false signals, such as fake satellite navigation data, so that a drone or receiver believes it is somewhere it is not.",original,,authored,,,owner (delegated 2026-10-03)
cuas-027,navigation warfare (NAVWAR),NAVWAR,cuas,1,"Actions taken to maintain friendly use of positioning, navigation, and timing information while denying the same to an adversary. Also called NAVWAR.",doctrine,us-dod-dict-2026-08,DoD Dictionary (Aug 2026),113,Covers GNSS/GPS denial. Doctrinal reference: JP 3-14.,owner (delegated 2026-10-03)
cuas-028,directed energy (DE),DE,cuas,1,The production of a beam of concentrated electromagnetic energy or atomic or subatomic particles. Also called DE.,doctrine,us-dod-dict-2026-08,DoD Dictionary (Aug 2026),46,Doctrinal reference: JP 3-85.,owner (delegated 2026-10-03)
cuas-029,directed-energy weapon,,cuas,1,"A weapon or system that uses directed energy to incapacitate, damage, or destroy enemy equipment, facilities, and/or personnel.",doctrine,us-dod-dict-2025-06,DoD Dictionary (Jun 2025),53,High-energy laser (HEL); high-power microwave (HPM). Doctrinal reference: JP 3-85.,owner (delegated 2026-10-03)
cuas-030,interceptor drone,,cuas,1,A drone launched to chase and destroy or capture a hostile drone in the air.,original,,authored,,,owner (delegated 2026-10-03)
cuas-031,net capture,,cuas,1,Defeating a small drone by catching it in a net fired from the ground or carried by another drone.,original,,authored,,,owner (delegated 2026-10-03)
cuas-032,command and control (C2) link,,cuas,1,The radio connection over which an operator sends commands to an unmanned aircraft and receives its status.,original,,authored,,,owner (delegated 2026-10-03)
cuas-033,data link,,cuas,1,"A radio connection that passes data, such as video, position and commands, between an aircraft and the ground or other units.",original,,authored,,,owner (delegated 2026-10-03)
cuas-034,frequency band,,cuas,1,A range of radio frequencies; many small drones use the 2.4 GHz and 5.8 GHz bands for control and video.,original,,authored,,,owner (delegated 2026-10-03)
cuas-035,remote identification (Remote ID),,cuas,1,"A drone's broadcast of its identity, location and the location of its control station, which receivers on the ground can read.",original,,authored,,,owner (delegated 2026-10-03)
cuas-036,drone operator location,,cuas,1,The place from which a person is controlling a drone; finding it lets security forces stop the threat at its source.,original,,authored,,,owner (delegated 2026-10-03)
cuas-037,launch point,,cuas,1,The place from which an unmanned aircraft takes off.,original,,authored,,,owner (delegated 2026-10-03)
cuas-038,recovery point,,cuas,1,The place where an unmanned aircraft is planned to land or be collected after its flight.,original,,authored,,,owner (delegated 2026-10-03)
cuas-039,flight profile,,cuas,1,"The planned or observed path of an aircraft in altitude, speed and direction over time.",original,,authored,,,owner (delegated 2026-10-03)
cuas-040,loiter,,cuas,1,"To stay over or near an area for a period of time, for example to watch it or to wait for a target.",original,,authored,,,owner (delegated 2026-10-03)
cuas-041,ingress,,cuas,1,The movement of an aircraft into an area toward its target or objective.,original,,authored,,Opposite: egress.,owner (delegated 2026-10-03)
cuas-042,egress,,cuas,1,The movement of an aircraft out of a target area after completing its task.,original,,authored,,,owner (delegated 2026-10-03)
cuas-043,mass raid,,cuas,1,"An attack by many aircraft, drones or missiles arriving at the same time to overload the defenses.",original,,authored,,Related: saturation.,owner (delegated 2026-10-03)
cuas-044,saturation,,cuas,1,"The point at which more threats arrive than the defense can detect, track or engage at once.",original,,authored,,,owner (delegated 2026-10-03)
cuas-045,collateral damage,,cuas,1,A form of collateral effect that causes unintentional or incidental injury or damage to persons or objects that would not be lawful military targets in the circumstances ruling at the time.,doctrine,us-dod-dict-2026-08,DoD Dictionary (Aug 2026),26,Collateral damage estimate (CDE) is the process that predicts it. Doctrinal reference: JP 3-60.,owner (delegated 2026-10-03)
cuas-046,weapon engagement zone (WEZ),WEZ,cuas,1,A defined airspace in which a particular weapon system engages air and missile threats. Also called WEZ.,doctrine,us-dod-dict-2026-08,DoD Dictionary (Aug 2026),173,Engagement zone: the general idea; see also missile and fighter engagement zones. Doctrinal reference: JP 3-01.,owner (delegated 2026-10-03)
cuas-047,weapons control status,,cuas,1,"An air and missile defense control measure declared for a particular area and time by an area air defense commander, or delegated subordinate commander, based on the rules of engagement that establish the conditions under which fighters and surface air defense weapons are permitted to engage threats. Also call WCS.",doctrine,us-dod-dict-2026-08,DoD Dictionary (Aug 2026),173,Weapons free / weapons tight / weapons hold. Doctrinal reference: JP 3-01.,owner (delegated 2026-10-03)
roe-001,weapons free,,roe,1,Weapons free is the least restrictive status: used to indicate when any target not positively identified as friendly in accordance with current ROE may be engaged.,doctrine,us-atp-3-01-81,ATP 3-01.81,87,Doctrinal reference: JP 3-01.,owner (delegated 2026-10-03)
roe-002,weapons tight,,roe,1,Weapons tight is the normal status. Units may only fire on targets identified as hostile in accordance with current ROE.,doctrine,us-atp-3-01-81,ATP 3-01.81,87,Doctrinal reference: JP 3-01.,owner (delegated 2026-10-03)
roe-003,weapons hold,,roe,1,Weapons hold is the most restrictive status. Units may only fire in self-defense or when ordered by proper higher authority.,doctrine,us-atp-3-01-81,ATP 3-01.81,87,Doctrinal reference: JP 3-01.,owner (delegated 2026-10-03)
roe-004,rules of engagement (ROE),ROE,roe,1,Directives issued by competent military authority that delineate the circumstances and limitations under which United States forces will initiate and/or continue combat engagement with other forces encountered. Also called ROE.,doctrine,us-dod-dict-2026-08,DoD Dictionary (Aug 2026),139,Doctrinal reference: JP 3-84.,owner (delegated 2026-10-03)
roe-005,hostile act,,roe,1,"The use of force or other attack against the United States, United States forces, or other designated persons or property to preclude or impede the mission and/or duties of United States forces, including the recovery of United States personnel or vital United States Government property.",doctrine,us-dod-dict-2026-08,DoD Dictionary (Aug 2026),70,Doctrinal reference: JP 3-28.,owner (delegated 2026-10-03)
roe-006,hostile intent,,roe,1,"The threat of imminent use of force against the United States, United States forces, or other designated persons or property.",doctrine,us-dod-dict-2026-08,DoD Dictionary (Aug 2026),71,Doctrinal reference: JP 3-01.,owner (delegated 2026-10-03)
roe-007,positive identification (PID),PID,roe,1,"An identification derived from observation and analysis of target characteristics, including visual recognition; electronic support systems; non-cooperative target recognition techniques; identification, friend or foe systems; or other physicsbased identification techniques. Also called PID.",doctrine,us-dod-dict-2026-08,DoD Dictionary (Aug 2026),126,Doctrinal reference: JP 3-01.,owner (delegated 2026-10-03)
air-001,track number,,airspace,1,The number assigned to an air track so that everyone in the air defense system refers to the same object.,original,,authored,,,owner (delegated 2026-10-03)
air-002,track,,airspace,1,1. A series of related contacts displayed on a data display console or other display device. 2. To display or record the successive positions of a moving object. 3. To lock onto a point of radiation and obtain guidance therefrom. 4. To keep a gun properly aimed or to point a target-locating instrument continuously at a moving target. 5. The actual path of an aircraft above or a ship on the surface of the Earth. 6. One of the two endless belts on which a full-track or half-track vehicle runs. 7. A metal part forming a path for a moving object such as the track around the inside of a vehicle for moving a mounted machine gun.,doctrine,us-dod-dict-2026-08,DoD Dictionary (Aug 2026),164,Doctrinal reference: JP 3-01.,owner (delegated 2026-10-03)
c2-001,common operational picture (COP),COP,c2,1,"A single, identical display of relevant information shared by more than one command that facilitates collaborative planning and assists all echelons to achieve situational awareness. Also called COP.",doctrine,us-dod-dict-2026-08,DoD Dictionary (Aug 2026),31,Air picture = the part showing aircraft tracks. Doctrinal reference: JP 3-0.,owner (delegated 2026-10-03)
air-003,airspace coordinating measures (ACMs),ACMs,airspace,1,Measures employed to facilitate the efficient use of airspace to accomplish missions and simultaneously provide safeguards for friendly forces. Also called ACMs.,doctrine,us-dod-dict-2026-08,DoD Dictionary (Aug 2026),10,Doctrinal reference: JP 3-52.,owner (delegated 2026-10-03)
air-004,restricted operations zone (ROZ),ROZ,airspace,1,Airspace reserved for specific activities in which the operations of one or more airspace users is restricted. Also called ROZ.,doctrine,us-dod-dict-2026-08,DoD Dictionary (Aug 2026),137,Doctrinal reference: JP 3-52.,owner (delegated 2026-10-03)
air-005,no-drone zone,,airspace,1,"An area where flying drones is prohibited, usually around bases, airports and sensitive sites.",original,,authored,,,owner (delegated 2026-10-03)
air-006,temporary flight restriction,,airspace,1,"A temporary ban or limit on flights in a defined area, announced to pilots, for example over an emergency or a VIP visit.",original,,authored,,,owner (delegated 2026-10-03)
air-007,air defense warning condition (ADWC),ADWC,airspace,1,"An air defense warning given in the form of a color code corresponding to the degree of air raid probability, with yellow standing for when an attack by hostile aircraft or missiles is probable, red for when an attack by hostile aircraft or missiles is imminent or is in progress, and white for when an attack by hostile aircraft or missiles is improbable. Also called ADWC.",doctrine,us-dod-dict-2026-08,DoD Dictionary (Aug 2026),8,Red / yellow / white. Doctrinal reference: JP 3-01.,owner (delegated 2026-10-03)
bd-001,base defense operations center (BDOC),BDOC,base-defense,1,A command and control facility established by the base commander to serve as the focal point for base security and defense. Also called BDOC.,doctrine,us-dod-dict-2026-08,DoD Dictionary (Aug 2026),17,Doctrinal reference: JP 3-10.,owner (delegated 2026-10-03)
bd-002,base defense,,base-defense,1,"The local military measures, both normal and emergency, required to nullify or reduce the effectiveness of enemy attacks on, or sabotage of, a base to ensure the maximum capacity of its facilities is available to United States forces.",doctrine,us-dod-dict-2026-08,DoD Dictionary (Aug 2026),17,Doctrinal reference: JP 3-10.,owner (delegated 2026-10-03)
bd-003,force protection (FP),FP,base-defense,1,"Preventive measures taken to mitigate hostile actions against Department of Defense personnel (including family members), resources, facilities, and critical information. Also called FP.",doctrine,us-dod-dict-2026-08,DoD Dictionary (Aug 2026),60,Doctrinal reference: JP 3-0.,owner (delegated 2026-10-03)
bd-004,force protection condition (FPCON),FPCON,base-defense,1,A Chairman of the Joint Chiefs of Staff-approved standard for identification of and recommended responses to terrorist threats against United States personnel and facilities. Also called FPCON.,doctrine,us-dod-dict-2026-08,DoD Dictionary (Aug 2026),60,Doctrinal reference: JP 3-26.,owner (delegated 2026-10-03)
bd-005,entry control point,,base-defense,1,A guarded gate where people and vehicles are checked before they are allowed onto an installation.,original,,authored,,,owner (delegated 2026-10-03)
bd-006,vehicle search area,,base-defense,1,"An area at or near an entry point, set apart from people and buildings, where vehicles are stopped and searched.",original,,authored,,,owner (delegated 2026-10-03)
bd-007,perimeter,,base-defense,1,"The outer boundary of a base or position, usually marked by fences or barriers and watched by guards.",original,,authored,,,owner (delegated 2026-10-03)
bd-008,sector,,base-defense,1,"An area of responsibility assigned to a unit; a sector sketch shows its boundaries, positions and fields of fire.",original,,authored,,,owner (delegated 2026-10-03)
bd-009,observation post,,base-defense,1,A position from which soldiers watch an area and report what they see.,original,,authored,,Listening post: the same at night or by sound.,owner (delegated 2026-10-03)
bd-010,listening post,,base-defense,1,"A position placed in front of the defense, usually at night, to give early warning by listening for enemy movement.",original,,authored,,,owner (delegated 2026-10-03)
bd-011,quick reaction force,,base-defense,1,A unit kept ready to move at short notice to respond to an incident or reinforce a threatened area.,original,,authored,,,owner (delegated 2026-10-03)
bd-012,security forces,,base-defense,1,"Duly constituted military, paramilitary, police, and constabulary forces of a state.",doctrine,us-dod-dict-2026-08,DoD Dictionary (Aug 2026),143,Doctrinal reference: JP 3-22.,owner (delegated 2026-10-03)
bd-013,defender,,base-defense,1,"A member of a security force on duty protecting a base, its people and its resources.",original,,authored,,US Air Force Security Forces call their members Defenders.,owner (delegated 2026-10-03)
bd-014,patrol,,base-defense,1,"A detachment sent out to gather information or provide security, on foot (dismounted) or in vehicles (mounted).",original,,authored,,,owner (delegated 2026-10-03)
bd-015,random antiterrorism measure,,base-defense,1,A security measure applied at irregular times and places so that an attacker cannot predict the defense.,original,,authored,,,owner (delegated 2026-10-03)
bd-016,standoff distance,,base-defense,1,"The distance kept between a possible bomb, such as a vehicle, and the people or buildings it could harm.",original,,authored,,,owner (delegated 2026-10-03)
bd-017,barrier,,base-defense,1,"Any obstruction or coordinated series of obstacles designed or employed to channel, direct, restrict, delay, or stop movement.",doctrine,us-dod-dict-2026-08,DoD Dictionary (Aug 2026),17,Barrier plan: where barriers go and who closes them. Doctrinal reference: JP 3-15.,owner (delegated 2026-10-03)
bd-018,blast mitigation,,base-defense,1,"Measures, such as barriers, film on windows and distance, that reduce the harm an explosion can do.",original,,authored,,,owner (delegated 2026-10-03)
bd-019,alarm condition,,base-defense,1,"A posted state that tells everyone on a base whether an attack is unlikely, expected or under way, and what protective action to take.",original,,authored,,,owner (delegated 2026-10-03)
bd-020,post-attack reconnaissance,,base-defense,1,"The check of a base after an attack to find damage, casualties and unexploded ordnance.",original,,authored,,,owner (delegated 2026-10-03)
bd-021,unexploded explosive ordnance (UXO),UXO,base-defense,1,"Explosive ordnance that has been primed, fused, armed, or otherwise prepared for action and has been fired, dropped, launched, projected, or placed in such a manner as to constitute a hazard to operations, installations, personnel, or material and remains unexploded either by malfunction or design or for any other cause. Also called UXO.",doctrine,us-dod-dict-2026-08,DoD Dictionary (Aug 2026),167,Commonly UXO. Doctrinal reference: JP 3-42.,owner (delegated 2026-10-03)
bd-022,shelter in place,,base-defense,1,To stay indoors or in the nearest protected place until told it is safe to move.,original,,authored,,,owner (delegated 2026-10-03)
bd-023,bunker,,base-defense,1,"A reinforced shelter, often of concrete or sandbags, that protects people from blast and fragments.",original,,authored,,,owner (delegated 2026-10-03)
bd-024,cover and concealment,,base-defense,1,Cover protects from fire; concealment only hides from view.,original,,authored,,,owner (delegated 2026-10-03)
bd-025,accountability,,base-defense,1,"Knowing where every person is and whether they are safe, especially after an attack or alarm.",original,,authored,,,owner (delegated 2026-10-03)
bd-026,lockdown,,base-defense,1,An order that stops all movement on an installation or in a building until the threat has passed.,original,,authored,,,owner (delegated 2026-10-03)
bd-027,all clear,,base-defense,1,The announcement that a threat has ended and normal activity may resume.,original,,authored,,,owner (delegated 2026-10-03)
bd-028,incident commander,,base-defense,1,The person in charge of all response activity at the scene of an incident.,original,,authored,,,owner (delegated 2026-10-03)
bd-029,emergency operations center (EOC),EOC,base-defense,1,A headquarters for the coordination of information and resources to support incident management activities. Also called EOC.,doctrine,us-dod-dict-2026-08,DoD Dictionary (Aug 2026),52,Doctrinal reference: JP 3-41.,owner (delegated 2026-10-03)
bd-030,mass notification,,base-defense,1,"A system that warns everyone on an installation at once, through sirens, loudspeakers, phones and computers.",original,,authored,,,owner (delegated 2026-10-03)
bd-031,indirect fire,,base-defense,1,"Fire, such as mortar, rocket or artillery rounds, aimed at a target the firer cannot see, usually along a high curved path.",original,,authored,,,owner (delegated 2026-10-03)
bd-032,"counter-rocket, artillery, and mortar (C-RAM)",,base-defense,1,"C-RAM is a tactical mission that provides detection, warning, C2, and intercept of RAM in flight and engagement of enemy sources of IDF.",doctrine,us-jp-3-01,JP 3-01 (2017),I-11,Defining sentence quoted from the body text.,owner (delegated 2026-10-03)
bd-033,insider threat,,base-defense,1,"The risk that a person with authorized access, such as an employee or contractor, uses that access to cause harm.",original,,authored,,,owner (delegated 2026-10-03)
bd-034,host nation (HN),HN,base-defense,1,A nation that allows forces to operate in or to transit through its territory. Also called HN.,doctrine,us-dod-dict-2026-08,DoD Dictionary (Aug 2026),71,Doctrinal reference: JP 3-57.,owner (delegated 2026-10-03)
bd-035,foreign security forces (FSF),FSF,base-defense,1,"Personnel organized and/or employed for security, whether they are civil or military, federal, state or provincial, or local. Also called FSF.",doctrine,us-dod-dict-2026-08,DoD Dictionary (Aug 2026),62,Here: host-nation security forces. Doctrinal reference: JP 3-20.,owner (delegated 2026-10-03)
bd-036,status-of-forces agreement (SOFA),SOFA,base-defense,1,A bilateral or multilateral agreement that defines the legal position of a visiting military force deployed in the territory of a friendly state. Also called SOFA.,doctrine,us-dod-dict-2026-08,DoD Dictionary (Aug 2026),151,Doctrinal reference: JP 3-16.,owner (delegated 2026-10-03)
bd-037,jurisdiction,,base-defense,1,"The legal authority to investigate, arrest and try people for offenses in a given place.",original,,authored,,,owner (delegated 2026-10-03)
bd-038,local national,,base-defense,1,"A citizen of the host country, for example one working on or near a base.",original,,authored,,,owner (delegated 2026-10-03)
bd-039,escort,,base-defense,1,A person assigned to accompany a visitor or contractor who may not move on the base alone.,original,,authored,,,owner (delegated 2026-10-03)
bd-040,access roster,,base-defense,1,"The list of people authorized to enter a facility or area, checked against their badges.",original,,authored,,,owner (delegated 2026-10-03)
bd-041,shift handover,,base-defense,1,"Passing the current situation, open issues and equipment from one duty shift to the next.",original,,authored,,,owner (delegated 2026-10-03)
bd-042,blotter,,base-defense,1,The chronological log in which a security or police desk records incidents and actions.,original,,authored,,,owner (delegated 2026-10-03)
bd-043,chain of custody,,base-defense,1,"The written record of everyone who has held a piece of evidence, from collection onward, so it can be trusted.",original,,authored,,,owner (delegated 2026-10-03)
air-008,airspace control,,airspace,1,The exercise of delegated authority over designated airspace and users through control procedures and coordination measures to maximize operational effectiveness.,doctrine,us-dod-dict-2026-08,DoD Dictionary (Aug 2026),10,Doctrinal reference: JP 3-52.,owner (delegated 2026-10-03)
air-009,air tasking order (ATO),ATO,airspace,1,"A method used to task and disseminate to components, subordinate units, and command and control agencies projected sorties, capabilities, or forces for targeting and specific missions. Also called ATO.",doctrine,us-dod-dict-2026-08,DoD Dictionary (Aug 2026),11,Doctrinal reference: JP 3-30.,owner (delegated 2026-10-03)
air-010,air defense artillery (ADA),ADA,airspace,1,Weapons and equipment for actively combating air targets from the ground. Also called ADA.,doctrine,us-dod-dict-2026-08,DoD Dictionary (Aug 2026),8,Doctrinal reference: JP 3-01.,owner (delegated 2026-10-03)
air-011,"identification, friend or foe (IFF)",IFF,airspace,1,A device that emits a signal positively identifying it as a friendly. Also called IFF.,doctrine,us-dod-dict-2026-08,DoD Dictionary (Aug 2026),73,Mode 5 = the current secure military IFF mode. Doctrinal reference: JP 3-52.,owner (delegated 2026-10-03)
air-012,squawk,,airspace,1,The code an aircraft's transponder sends; 'squawk' is also the order to set that code.,original,,authored,,,owner (delegated 2026-10-03)
air-013,altitude block,,airspace,1,"A band of altitudes, between a lower and an upper limit, assigned to one aircraft or activity.",original,,authored,,,owner (delegated 2026-10-03)
air-014,deconfliction,,airspace,1,"Coordinating times, places and altitudes so that friendly aircraft, drones and fires do not interfere with or endanger each other.",original,,authored,,,owner (delegated 2026-10-03)
air-015,kill box,,airspace,1,A three-dimensional permissive fire support coordination measure with an associated airspace coordinating measure used to facilitate the integration of fires.,doctrine,us-dod-dict-2026-08,DoD Dictionary (Aug 2026),93,Doctrinal reference: JP 3-09.,owner (delegated 2026-10-03)
air-016,call sign (CS),CS,airspace,1,"Any combination of characters or pronounceable words, which identifies a communication facility, a command, an authority, an activity, or a unit; used primarily for establishing and maintaining communications. Also called CS.",doctrine,us-dod-dict-2021-11,DoD Dictionary (Nov 2021),29,Doctrinal reference: JP 3-50.,owner (delegated 2026-10-03)
brev-001,brevity code,,brevity,1,"A code word, which provides no security, that serves the sole purpose of shortening of messages rather than the concealment of their content.",doctrine,us-dod-dict-2026-08,DoD Dictionary (Aug 2026),20,Doctrinal reference: JP 3-09.3.,owner (delegated 2026-10-03)
air-017,check-in,,airspace,1,"The radio call in which a unit or aircraft reports to a controller that it has arrived and is ready, with its status.",original,,authored,,Check-out: the call when it leaves.,owner (delegated 2026-10-03)
c2-002,situation report (SITREP),SITREP,c2,1,A report giving the situation in the area of a reporting unit or formation. Also called SITREP.,doctrine,us-dod-dict-2021-11,DoD Dictionary (Nov 2021),196,Doctrinal reference: JP 3-50.,owner (delegated 2026-10-03)
c2-003,spot report (SPOTREP),SPOTREP,c2,1,"A concise narrative report of essential information covering events or conditions that may have an immediate and significant effect on current planning and operations that is afforded the most expeditious means of transmission consistent with requisite security. Also called SPOTREP. (Note: In reconnaissance and surveillance usage, spot report is not to be used.)",doctrine,us-dod-dict-2026-08,DoD Dictionary (Aug 2026),150,"Often in SALUTE format (size, activity, location, unit, time, equipment). Doctrinal reference: JP 3-09.3.",owner (delegated 2026-10-03)
med-001,nine-line medical evacuation request,,medical,1,"The standard nine-line radio message used to request evacuation of casualties, giving location, frequency, number of patients and other essentials.",original,,authored,,,owner (delegated 2026-10-03)
air-018,grid reference,,airspace,1,A map position given as letters and numbers of a grid system such as MGRS.,original,,authored,,,owner (delegated 2026-10-03)
air-019,bearing,,airspace,1,"The direction to an object measured clockwise from north, in degrees.",original,,authored,,Given with range: the distance to it.,owner (delegated 2026-10-03)
air-020,time on target (TOT),TOT,airspace,1,The actual time at which munitions impact the target. Also called TOT.,doctrine,us-dod-dict-2026-08,DoD Dictionary (Aug 2026),163,Doctrinal reference: JP 3-09.3.,owner (delegated 2026-10-03)
brev-002,BOGEY,,brevity,1,A CONTACT whose identity is unknown.,doctrine,us-atp-1-02-1,ATP 1-02.1 (2024),6,,owner (delegated 2026-10-03)
brev-003,BANDIT,,brevity,1,"1. [A/A] [AIR-MAR] Positively identified as an enemy in accordance with (IAW) theater ID criteria. The term does not imply direction or authority to engage. 2. * [SO] A SUSPECT whose orbital parameters are such that it may become a collection and/or counterspace concern to a spacecraft in the relative near-term, therefore limiting decision space.",doctrine,us-atp-1-02-1,ATP 1-02.1 (2024),4,,owner (delegated 2026-10-03)
brev-004,HOSTILE,,brevity,1,A contact identified as enemy upon which clearance to fire is authorized IAW theater rules of engagement (ROE). WARNING This use of HOSTILE is as a brevity term for air engagements and should not be confused with the same term in tactical data link identification.,doctrine,us-atp-1-02-1,ATP 1-02.1 (2024),23,,owner (delegated 2026-10-03)
brev-005,FRIENDLY,,brevity,1,"A positively identified FRIENDLY aircraft, ship, spacecraft, or ground position.",doctrine,us-atp-1-02-1,ATP 1-02.1 (2024),19,,owner (delegated 2026-10-03)
brev-006,UNKNOWN,,brevity,1,"1. A code meaning “information not available.” 2. An aircraft or ship that has not been determined to be hostile, friendly, or neutral. 3. An identity applied to an evaluated track that has not been identified.",doctrine,us-dod-dict-2026-08,DoD Dictionary (Aug 2026),169,Doctrinal reference: JP 3-01.,owner (delegated 2026-10-03)
brev-007,SPLASH,,brevity,1,1. [A/A] [A/S] [S/A] Hit observed with valid DWE against a target. 2. * [S/A] [S/S] Informative call to observer or spotter 5 seconds prior to estimated time of impact.,doctrine,us-atp-1-02-1,ATP 1-02.1 (2024),45,,owner (delegated 2026-10-03)
brev-008,SPIKE,,brevity,1,Radar warning receiver indication of an air interceptor threat in track or launch.,doctrine,us-atp-1-02-1,ATP 1-02.1 (2024),45,,owner (delegated 2026-10-03)
brev-009,NO JOY,,brevity,1,1.* [A/A] [A/S] [S/A] [SO] Aircrew does not have visual contact with the TARGET or BANDIT. Opposite of TALLY. 2.* Indicates that radio communications could not be established with the distant end on a specified radio net.,doctrine,us-atp-1-02-1,ATP 1-02.1 (2024),31,,owner (delegated 2026-10-03)
brev-010,TALLY,,brevity,1,"Sighting of a target, non-friendly aircraft, or enemy position. Opposite of NO JOY.",doctrine,us-atp-1-02-1,ATP 1-02.1 (2024),49,,owner (delegated 2026-10-03)
brev-011,BINGO,,brevity,1,Prebriefed fuel state needed for recovery.,doctrine,us-atp-1-02-1,ATP 1-02.1 (2024),5,,owner (delegated 2026-10-03)
brev-012,CEASE FIRE,,brevity,1,"Stop firing, do not open fire. Missiles in flight will continue to intercept; continue to track.",doctrine,us-atp-1-02-1,ATP 1-02.1 (2024),8,,owner (delegated 2026-10-03)
brev-013,WEAPONS (FREE / TIGHT / HOLD),,brevity,1,"Weapons control status. Fire only: 1. * FREE: at targets not identified as FRIENDLY IAW current ROE. 2. * TIGHT: at targets positively identified as HOSTILE IAW current ROE. 3. * HOLD/SAFE: in self-defense or in response to a formal order. NOTE NATO uses WEAPONS to determine munitions available or remaining, similar to WHAT STATE.",doctrine,us-atp-1-02-1,ATP 1-02.1 (2024),53,The radio call that sets the weapons control status.,owner (delegated 2026-10-03)
brev-014,STAND BY,,brevity,1,"Radio procedure word: wait, I will answer shortly.",original,,authored,,"Procedure word (ACP 125), not a brevity code.",owner (delegated 2026-10-03)
brev-015,SAY AGAIN,,brevity,1,"Radio procedure word: repeat your last message, or the part named.",original,,authored,,Procedure word (ACP 125).,owner (delegated 2026-10-03)
brev-016,ROGER,,brevity,1,Radio transmission received; does not indicate compliance or reaction.,doctrine,us-atp-1-02-1,ATP 1-02.1 (2024),38,Procedure word (ACP 125).,owner (delegated 2026-10-03)
brev-017,WILCO,,brevity,1,Will comply with received instructions.,doctrine,us-atp-1-02-1,ATP 1-02.1 (2024),54,Procedure word (ACP 125).,owner (delegated 2026-10-03)
brev-018,BREAK BREAK,,brevity,1,Radio procedure words that interrupt traffic on a busy net to pass an urgent message.,original,,authored,,Procedure word (ACP 125).,owner (delegated 2026-10-03)
c2-004,authority,,c2,1,The right to give orders and make decisions within a defined area of responsibility.,original,,authored,,,owner (delegated 2026-10-03)
c2-005,delegation of authority,,c2,1,"The action by which a commander assigns part of his or her authority, commensurate with the assigned task, to a subordinate commander.",doctrine,us-dod-dict-2026-08,DoD Dictionary (Aug 2026),43,"Doctrinal reference: JP 1, Volume 2.",owner (delegated 2026-10-03)
c2-006,coordinating authority,,c2,1,"A commander or individual who has the authority to require consultation between the specific functions or activities involving forces of two or more Services, joint force components, or forces of the same Service or agencies but does not have the authority to compel agreement.",doctrine,us-dod-dict-2026-08,DoD Dictionary (Aug 2026),35,"Doctrinal reference: JP 1, Volume 2.",owner (delegated 2026-10-03)
c2-007,approval,,c2,1,Formal agreement by the person with authority that an action may go ahead.,original,,authored,,,owner (delegated 2026-10-03)
c2-008,liaison,,c2,1,Contact kept between units or organizations so that they understand each other and act together.,original,,authored,,,owner (delegated 2026-10-03)
c2-009,interoperability,,c2,1,"The ability to act together coherently, effectively, and efficiently to achieve tactical, operational, and strategic objectives.",doctrine,us-dod-dict-2026-08,DoD Dictionary (Aug 2026),80,Doctrinal reference: JP 3-0.,owner (delegated 2026-10-03)
c2-010,information sharing,,c2,1,"Giving partners the information they need, within the limits of its classification and release rules.",original,,authored,,,owner (delegated 2026-10-03)
c2-011,caveat,,c2,1,"A restriction a nation places on how its forces may be used, or on who may see a piece of information.",original,,authored,,,owner (delegated 2026-10-03)
c2-012,classification,,c2,1,"The determination that official information requires, in the interests of national security, a specific degree of protection against unauthorized disclosure, coupled with a designation signifying that such a determination has been made.",doctrine,us-dod-dict-2026-08,DoD Dictionary (Aug 2026),25,Doctrinal reference: JP 2-0.,owner (delegated 2026-10-03)
c2-013,release,,c2,1,Formal permission to give classified or controlled information to a partner nation or organization.,original,,authored,,Releasable to = REL TO.,owner (delegated 2026-10-03)
c2-014,exercise,,c2,1,"A military maneuver or simulated wartime operation involving planning, preparation, and execution that is carried out for the purpose of training and evaluation.",doctrine,us-dod-dict-2021-11,DoD Dictionary (Nov 2021),77,Doctrinal reference: JP 3-0.,owner (delegated 2026-10-03)
c2-015,drill,,c2,1,"A short, repeated practice of a set procedure so that it becomes automatic.",original,,authored,,,owner (delegated 2026-10-03)
c2-016,scenario,,c2,1,The imagined situation and events on which an exercise is built.,original,,authored,,,owner (delegated 2026-10-03)
c2-017,lessons learned,,c2,1,"Lessons learned are validated knowledge and experience derived from observations and the historical study of military training, exercises, and combat operations that lead to a change in behavior.",doctrine,us-atp-3-01-81,ATP 3-01.81,60,Defining sentence quoted from the body text.,owner (delegated 2026-10-03)
c2-018,after action review,,c2,1,"A structured discussion after an event or exercise about what was supposed to happen, what happened, why, and what to do differently.",original,,authored,,,owner (delegated 2026-10-03)
air-021,airspace control authority (ACA),ACA,airspace,2,The commander designated for overall responsibility for airspace control. Also called ACA.,doctrine,us-dod-dict-2026-08,DoD Dictionary (Aug 2026),10,Doctrinal reference: JP 3-52.,owner (delegated 2026-10-03)
air-022,airspace control order (ACO),ACO,airspace,2,An order implementing the airspace control plan that provides the details of the approved requests for airspace coordinating measures. Also called ACO.,doctrine,us-dod-dict-2026-08,DoD Dictionary (Aug 2026),10,Doctrinal reference: JP 3-52.,owner (delegated 2026-10-03)
air-023,airspace control plan (ACP),ACP,airspace,2,The document approved by the joint force commander that provides specific planning guidance and procedures for the airspace control system for the joint force operational area. Also called ACP.,doctrine,us-dod-dict-2026-08,DoD Dictionary (Aug 2026),10,Doctrinal reference: JP 3-52.,owner (delegated 2026-10-03)
air-024,airspace management,,airspace,2,"The planning, coordination, integration, and regulation of airspace by airspace control elements in support of airspace control.",doctrine,us-dod-dict-2026-08,DoD Dictionary (Aug 2026),10,Doctrinal reference: JP 3-52.,owner (delegated 2026-10-03)
air-025,airspace coordination area (ACA),ACA,airspace,2,"A three-dimensional block of airspace in a target area, established by the appropriate commander, in which friendly aircraft are reasonably safe from friendly surface fires. Also called ACA.",doctrine,us-dod-dict-2026-08,DoD Dictionary (Aug 2026),10,Doctrinal reference: JP 3-09.3.,owner (delegated 2026-10-03)
air-026,air defense identification zone,,airspace,2,"Airspace of defined dimensions within which the ready identification, location, and control of aircraft are required in the interest of security.",doctrine,us-dod-dict-2026-08,DoD Dictionary (Aug 2026),8,Doctrinal reference: JP 3-52.,owner (delegated 2026-10-03)
air-027,air corridor,,airspace,2,A restricted air route of travel specified for use by friendly aircraft and established for the purpose of preventing friendly aircraft from being fired on by friendly forces.,doctrine,us-dod-dict-2026-08,DoD Dictionary (Aug 2026),7,Doctrinal reference: JP 3-52.,owner (delegated 2026-10-03)
air-028,coordinating altitude (CA),CA,airspace,2,An airspace coordinating measure that uses altitude to separate users and as the transition between different airspace control elements. Also called CA.,doctrine,us-dod-dict-2026-08,DoD Dictionary (Aug 2026),35,Doctrinal reference: JP 3-52.,owner (delegated 2026-10-03)
air-029,restricted areas (air),,airspace,3,Designated areas established by appropriate authority over which flight of aircraft is restricted.,doctrine,us-dod-dict-2026-08,DoD Dictionary (Aug 2026),137,Doctrinal reference: JP 3-52.,owner (delegated 2026-10-03)
air-030,high-density airspace control zone (HIDACZ),HIDACZ,airspace,3,Airspace designated in an airspace control plan or airspace control order in which there is a concentrated employment of numerous and varied weapons and airspace users. Also called HIDACZ.,doctrine,us-dod-dict-2026-08,DoD Dictionary (Aug 2026),69,Doctrinal reference: JP 3-52.,owner (delegated 2026-10-03)
air-031,positive control,,airspace,2,"A method of airspace control that relies on positive identification, tracking, and communicating with aircraft within an airspace, conducted with electronic means by an airspace control element having the authority and responsibility.",doctrine,us-dod-dict-2026-08,DoD Dictionary (Aug 2026),126,Doctrinal reference: JP 3-52.,owner (delegated 2026-10-03)
air-032,procedural control,,airspace,2,A method of airspace control which relies on a combination of previously agreed and promulgated orders and procedures.,doctrine,us-dod-dict-2026-08,DoD Dictionary (Aug 2026),129,Doctrinal reference: JP 3-52.,owner (delegated 2026-10-03)
air-033,air route,,airspace,3,"The navigable airspace between two points, identified to the extent necessary for the application of flight rules.",doctrine,us-dod-dict-2026-08,DoD Dictionary (Aug 2026),10,Doctrinal reference: JP 3-52.,owner (delegated 2026-10-03)
air-034,air operations center (AOC),AOC,airspace,2,"The senior command and control element in the Air Force theater air control system’s air, cyberspace, and space operations and coordinates with other components and Services. Also called AOC.",doctrine,us-dod-dict-2026-08,DoD Dictionary (Aug 2026),9,Doctrinal reference: JP 3-30.,owner (delegated 2026-10-03)
air-035,air support operations center (ASOC),ASOC,airspace,3,The principal air control agency of the theater air control system responsible for the direction and control of air operations directly supporting the ground combat element. Also called ASOC.,doctrine,us-dod-dict-2026-08,DoD Dictionary (Aug 2026),11,Doctrinal reference: JP 3-09.3.,owner (delegated 2026-10-03)
air-036,missile engagement zone (MEZ),MEZ,airspace,2,A defined airspace in which surface-to-air missile systems engage air and missile threats. Also called MEZ.,doctrine,us-dod-dict-2026-08,DoD Dictionary (Aug 2026),106,Doctrinal reference: JP 3-01.,owner (delegated 2026-10-03)
air-037,joint engagement zone (JEZ),JEZ,airspace,3,A defined airspace in which surface-to-air missiles and aircraft are simultaneously employed to engage air and missile threats. Also called JEZ.,doctrine,us-dod-dict-2026-08,DoD Dictionary (Aug 2026),85,Doctrinal reference: JP 3-01.,owner (delegated 2026-10-03)
air-038,fighter engagement zone (FEZ),FEZ,airspace,3,A defined airspace in which fighters engage air threats. Also called FEZ.,doctrine,us-dod-dict-2026-08,DoD Dictionary (Aug 2026),57,Doctrinal reference: JP 3-01.,owner (delegated 2026-10-03)
air-039,low-altitude missile engagement zone (LOMEZ),LOMEZ,airspace,3,A defined airspace in which low- to mediumaltitude surface-to-air missiles engage air and missile threats. Also called LOMEZ.,doctrine,us-dod-dict-2026-08,DoD Dictionary (Aug 2026),99,Doctrinal reference: JP 3-01.,owner (delegated 2026-10-03)
air-040,short-range air defense engagement zone (SHORADEZ),SHORADEZ,airspace,2,A defined airspace in which short-range air defense weapons engage air threats and which may be established within a low- or highaltitude missile engagement zone. Also called SHORADEZ.,doctrine,us-dod-dict-2026-08,DoD Dictionary (Aug 2026),146,Doctrinal reference: JP 3-01.,owner (delegated 2026-10-03)
air-041,high-altitude missile engagement zone (HIMEZ),HIMEZ,airspace,3,A defined airspace in which high-altitude surface-to-air missiles engage air and missile threats. Also called HIMEZ.,doctrine,us-dod-dict-2026-08,DoD Dictionary (Aug 2026),69,Doctrinal reference: JP 3-01.,owner (delegated 2026-10-03)
air-042,air defense area,,airspace,3,1. overseas — A specifically defined airspace for which air defense must be planned and provided. 2. United States — Airspace of defined dimensions designated by the appropriate agency within which the ready control of airborne vehicles is required in the interest of national security during an air defense emergency.,doctrine,us-dod-dict-2026-08,DoD Dictionary (Aug 2026),8,Doctrinal reference: JP 3-01.,owner (delegated 2026-10-03)
air-043,air defense region,,airspace,3,A geographical subdivision of an air defense area.,doctrine,us-dod-dict-2026-08,DoD Dictionary (Aug 2026),8,Doctrinal reference: JP 3-01.,owner (delegated 2026-10-03)
air-044,air defense sector,,airspace,3,A geographical subdivision of an air defense region.,doctrine,us-dod-dict-2026-08,DoD Dictionary (Aug 2026),8,Doctrinal reference: JP 3-01.,owner (delegated 2026-10-03)
air-045,selective identification feature (SIF),SIF,airspace,3,"A capability that, when added to the basic identification, friend or foe system, provides the means to transmit, receive, and display selected coded replies. Also called SIF.",doctrine,us-dod-dict-2026-08,DoD Dictionary (Aug 2026),144,Doctrinal reference: JP 3-52.,owner (delegated 2026-10-03)
air-046,procedural identification,,airspace,3,"An identification based on observation and analysis of target behaviors, including location and trajectory, as well as compliance with airspace control measures. Also called procedural ID.",doctrine,us-dod-dict-2026-08,DoD Dictionary (Aug 2026),129,Doctrinal reference: JP 3-01.,owner (delegated 2026-10-03)
air-047,combat identification (CID),CID,airspace,2,The process of attaining an accurate characterization of detected objects in the operational environment sufficient to support an engagement decision. Also called CID.,doctrine,us-dod-dict-2026-08,DoD Dictionary (Aug 2026),29,Doctrinal reference: JP 3-09.,owner (delegated 2026-10-03)
air-048,combat air patrol (CAP),CAP,airspace,2,"An aircraft patrol provided over an objective area, the force protected, the critical area of a combat zone, or in an air defense area, for the purpose of intercepting aircraft before they reach their targets. Also called CAP.",doctrine,us-dod-dict-2026-08,DoD Dictionary (Aug 2026),27,Doctrinal reference: JP 3-01.,owner (delegated 2026-10-03)
air-049,track of interest,,airspace,2,"In counterdrug operations, contacts that meet the initial identification criteria applicable in the area where the contacts are detected.",doctrine,us-dod-dict-2026-08,DoD Dictionary (Aug 2026),164,Doctrinal reference: JP 3-07.4.,owner (delegated 2026-10-03)
air-050,airborne early warning,,airspace,2,The detection and reporting of enemy activities by an aircraft.,doctrine,us-dod-dict-2026-08,DoD Dictionary (Aug 2026),7,Doctrinal reference: JP 3-52.,owner (delegated 2026-10-03)
air-051,threat warning,,airspace,2,The urgent communication and acknowledgement of time-critical information essential for the preservation of life and/or vital resources.,doctrine,us-dod-dict-2026-08,DoD Dictionary (Aug 2026),163,Doctrinal reference: JP 2-0.,owner (delegated 2026-10-03)
air-052,air and missile defense (AMD),AMD,airspace,2,"Direct [active and passive] defensive actions taken to destroy, nullify, or reduce the effectiveness of hostile air and ballistic missile threats against friendly forces and assets. Also called AMD.",doctrine,us-dod-dict-2026-08,DoD Dictionary (Aug 2026),7,Doctrinal reference: JP 3-01.,owner (delegated 2026-10-03)
air-053,integrated air and missile defense (IAMD),IAMD,airspace,2,"The integration of capabilities and overlapping operations to defend the homeland and United States national interests, protect the joint force, and enable freedom of action by negating an enemy’s ability to create adverse effects from their air and missile capabilities. Also called IAMD.",doctrine,us-dod-dict-2026-08,DoD Dictionary (Aug 2026),76,Doctrinal reference: JP 3-01.,owner (delegated 2026-10-03)
air-054,defensive counterair (DCA),DCA,airspace,2,All defensive measures designed to neutralize or destroy enemy forces attempting to penetrate or attack through friendly airspace. Also called DCA.,doctrine,us-dod-dict-2026-08,DoD Dictionary (Aug 2026),43,Doctrinal reference: JP 3-01.,owner (delegated 2026-10-03)
air-055,counterair,,airspace,3,"A mission at the theater level that integrates offensive and defensive operations to attain and maintain a desired degree of control of the air and protection by neutralizing or destroying enemy aircraft and missiles, both before and after launch.",doctrine,us-dod-dict-2026-08,DoD Dictionary (Aug 2026),36,Doctrinal reference: JP 3-01.,owner (delegated 2026-10-03)
air-056,point defense,,airspace,2,Employment of defense measures to protect limited areas.,doctrine,us-dod-dict-2026-08,DoD Dictionary (Aug 2026),126,Doctrinal reference: JP 3-01.,owner (delegated 2026-10-03)
air-057,area air defense commander (AADC),AADC,airspace,2,"The component commander with the preponderance of air defense capability and the required command, control, and communications capabilities who is assigned by the joint force commander to plan and execute integrated air defense operations. Also called AADC.",doctrine,us-dod-dict-2026-08,DoD Dictionary (Aug 2026),14,Doctrinal reference: JP 3-01.,owner (delegated 2026-10-03)
air-058,regional air defense commander (RADC),RADC,airspace,3,"Commander, subordinate to the area air defense commander, who is responsible for air and missile defenses in the assigned region and exercises authorities as delegated by the area air defense commander. Also called RADC.",doctrine,us-dod-dict-2026-08,DoD Dictionary (Aug 2026),135,Doctrinal reference: JP 3-01.,owner (delegated 2026-10-03)
air-059,sector air defense commander (SADC),SADC,airspace,3,"Commander, subordinate to an area/regional air defense commander, who is responsible for air and missile defenses in the assigned sector and exercises authorities delegated by the area/regional air defense commander. Also called SADC.",doctrine,us-dod-dict-2026-08,DoD Dictionary (Aug 2026),142,Doctrinal reference: JP 3-01.,owner (delegated 2026-10-03)
air-060,defended asset list (DAL),DAL,airspace,2,A listing of those assets from the critical asset list prioritized by the joint force commander to be defended with the resources available. Also called DAL.,doctrine,us-dod-dict-2026-08,DoD Dictionary (Aug 2026),42,Doctrinal reference: JP 3-01.,owner (delegated 2026-10-03)
air-061,missile defense (MD),MD,airspace,3,Defensive measures designed to destroy attacking enemy missiles or to nullify or reduce the effectiveness of such attack. Also called MD.,doctrine,us-dod-dict-2026-08,DoD Dictionary (Aug 2026),106,Doctrinal reference: JP 3-01.,owner (delegated 2026-10-03)
air-062,air superiority,,airspace,3,That degree of control of the air by one force that permits the conduct of its operations at a given time and place without prohibitive interference from air and missile threats.,doctrine,us-dod-dict-2026-08,DoD Dictionary (Aug 2026),10,Doctrinal reference: JP 3-01.,owner (delegated 2026-10-03)
air-063,close air support (CAS),CAS,airspace,3,Air action by aircraft against hostile targets that are in close proximity to friendly forces and that require detailed integration of each air mission with the fire and movement of those forces. Also called CAS.,doctrine,us-dod-dict-2026-08,DoD Dictionary (Aug 2026),26,Doctrinal reference: JP 3-09.3.,owner (delegated 2026-10-03)
air-064,forward air controller (FAC),FAC,airspace,3,"An officer (aviator/pilot) member of the tactical air control party who, from a forward ground or airborne position, controls aircraft in close air support of ground troops. Also called FAC.",doctrine,us-dod-dict-2026-08,DoD Dictionary (Aug 2026),62,Doctrinal reference: JP 3-09.3.,owner (delegated 2026-10-03)
air-065,joint terminal attack controller (JTAC),JTAC,airspace,3,"A qualified (certified) Service member who, from a forward position, directs the action of combat aircraft engaged in close air support and other offensive air operations. Also called JTAC.",doctrine,us-dod-dict-2026-08,DoD Dictionary (Aug 2026),90,Doctrinal reference: JP 3-09.3.,owner (delegated 2026-10-03)
air-066,tactical air control party (TACP),TACP,airspace,3,A subordinate operational component of a tactical air control system designed to provide air liaison to land forces and for the control of aircraft. Also called TACP.,doctrine,us-dod-dict-2026-08,DoD Dictionary (Aug 2026),157,Doctrinal reference: JP 3-09.3.,owner (delegated 2026-10-03)
air-067,air liaison officer (ALO),ALO,airspace,3,The senior tactical air control party member attached to a ground unit who functions as the primary advisor to the ground commander on air power. Also called ALO.,doctrine,us-dod-dict-2026-08,DoD Dictionary (Aug 2026),9,Doctrinal reference: JP 3-09.3.,owner (delegated 2026-10-03)
air-068,time-sensitive target (TST),TST,airspace,3,"A joint force commander-validated target or set of targets requiring immediate response because it is a highly lucrative, fleeting target of opportunity or it poses (or will soon pose) a danger to friendly forces. Also called TST.",doctrine,us-dod-dict-2026-08,DoD Dictionary (Aug 2026),163,Doctrinal reference: JP 3-60.,owner (delegated 2026-10-03)
air-069,target,,airspace,2,An entity that performs a function for the adversary or enemy considered for possible engagement.,doctrine,us-dod-dict-2026-08,DoD Dictionary (Aug 2026),158,Doctrinal reference: JP 3-60.,owner (delegated 2026-10-03)
air-070,targeting,,airspace,3,"The process of selecting and prioritizing targets and matching the appropriate response to them, considering operational requirements and capabilities.",doctrine,us-dod-dict-2026-08,DoD Dictionary (Aug 2026),159,Doctrinal reference: JP 3-0.,owner (delegated 2026-10-03)
air-071,collateral effect,,airspace,3,Unintentional or incidental effect to an entity that would not be a lawful military target in the circumstances ruling at the time.,doctrine,us-dod-dict-2026-08,DoD Dictionary (Aug 2026),26,Doctrinal reference: JP 3-60.,owner (delegated 2026-10-03)
air-072,battle damage assessment (BDA),BDA,airspace,2,"The estimate of damage composed of physical and functional damage assessment, as well as target system assessment, resulting from the application of fires. Also called BDA.",doctrine,us-dod-dict-2026-08,DoD Dictionary (Aug 2026),18,Doctrinal reference: JP 3-0.,owner (delegated 2026-10-03)
air-073,no-fire area (NFA),NFA,airspace,2,An area designated by the appropriate commander into which fires or their effects are prohibited. Also called NFA.,doctrine,us-dod-dict-2026-08,DoD Dictionary (Aug 2026),114,Doctrinal reference: JP 3-09.3.,owner (delegated 2026-10-03)
air-074,restrictive fire area (RFA),RFA,airspace,3,A location in which specific restrictions are imposed and into which fires that exceed those restrictions will not be delivered without coordination with the establishing headquarters. Also called RFA.,doctrine,us-dod-dict-2026-08,DoD Dictionary (Aug 2026),138,Doctrinal reference: JP 3-09.,owner (delegated 2026-10-03)
air-075,fire support coordination line (FSCL),FSCL,airspace,3,"A fire support coordination measure established by the land or amphibious force commander to support common objectives within an area of operation, beyond which all fires are coordinated with affected commanders prior to engagement and, short of the line, all fires are coordinated with the establishing commander prior to engagement. Also called FSCL.",doctrine,us-dod-dict-2026-08,DoD Dictionary (Aug 2026),58,Doctrinal reference: JP 3-09.,owner (delegated 2026-10-03)
air-076,coordinated fire line (CFL),CFL,airspace,3,A line beyond which conventional surface-to-surface direct fire and indirect fire support means may fire at any time within the boundaries of the establishing headquarters without additional coordination but does not eliminate the responsibility to coordinate the airspace required to conduct the mission. Also called CFL.,doctrine,us-dod-dict-2026-08,DoD Dictionary (Aug 2026),35,Doctrinal reference: JP 3-09.,owner (delegated 2026-10-03)
air-077,air domain,,airspace,3,"The atmosphere, beginning at the Earth’s surface, extending to the altitude where its effects upon operations become negligible.",doctrine,us-dod-dict-2026-08,DoD Dictionary (Aug 2026),8,Doctrinal reference: JP 3-30.,owner (delegated 2026-10-03)
air-078,air defense (AD),AD,airspace,2,"Defensive measures designed to destroy attacking enemy aircraft or aerodynamic missiles, or to nullify or reduce the effectiveness of such attack. Also called AD.",doctrine,us-dod-dict-2026-08,DoD Dictionary (Aug 2026),7,Doctrinal reference: JP 3-01.,owner (delegated 2026-10-03)
air-079,aerospace defense,,airspace,3,Defensive measures designed to defeat attacking enemy aircraft and missiles and also negate hostile space systems.,doctrine,us-dod-dict-2026-08,DoD Dictionary (Aug 2026),6,Doctrinal reference: JP 3-27.,owner (delegated 2026-10-03)
air-080,air interdiction (AI),AI,airspace,3,Air operations to perform interdiction conducted at such distances from friendly forces that detailed integration of each air mission with the fire and movement of friendly forces is not required. Also called AI.,doctrine,us-dod-dict-2026-08,DoD Dictionary (Aug 2026),8,Doctrinal reference: JP 3-03.,owner (delegated 2026-10-03)
air-081,airborne alert,,airspace,3,A state of aircraft readiness wherein combat-equipped aircraft are airborne and ready for immediate action to reduce reaction time and to increase survivability.,doctrine,us-dod-dict-2026-08,DoD Dictionary (Aug 2026),7,Doctrinal reference: JP 3-01.,owner (delegated 2026-10-03)
air-082,ground alert,,airspace,3,"That status in which aircraft on the ground/deck are fully serviced and armed, with combat crews in readiness to take off within a specified period of time after receipt of a mission order.",doctrine,us-dod-dict-2026-08,DoD Dictionary (Aug 2026),67,Doctrinal reference: JP 3-01.,owner (delegated 2026-10-03)
air-083,threat assessment,,airspace,2,"In antiterrorism, examining the capabilities, intentions, and activities, past and present, of terrorist organizations, as well as the security environment within which friendly forces operate to determine the level of threat.",doctrine,us-dod-dict-2026-08,DoD Dictionary (Aug 2026),163,Doctrinal reference: JP 3-26.,owner (delegated 2026-10-03)
roe-008,engage,,roe,2,"1. In air and missile defense, a fire control order used to direct or authorize units and/or weapon systems to attack a designated target. See also cease engagement; hold fire. (JP 3-01) 2. To bring the enemy under fire.",doctrine,us-dod-dict-2026-08,DoD Dictionary (Aug 2026),52,Doctrinal reference: JP 3-09.3.,owner (delegated 2026-10-03)
roe-009,engagement,,roe,2,"1. An attack against an air or missile threat. (JP 3-01) 2. A tactical conflict, usually between opposing lower echelon maneuver forces.",doctrine,us-dod-dict-2026-08,DoD Dictionary (Aug 2026),52,Doctrinal reference: JP 3-0.,owner (delegated 2026-10-03)
roe-010,engagement authority,,roe,2,"An authority vested with a joint force commander that may be delegated to a subordinate commander, that permits an engagement decision.",doctrine,us-dod-dict-2026-08,DoD Dictionary (Aug 2026),52,Doctrinal reference: JP 3-01.,owner (delegated 2026-10-03)
roe-011,target engagement authority (TEA),TEA,roe,3,"The authority and responsibility to engage targets, which may be delegated to subordinate commanders responsible for operational areas. Also called TEA.",doctrine,us-dod-dict-2026-08,DoD Dictionary (Aug 2026),159,Doctrinal reference: JP 3-60.,owner (delegated 2026-10-03)
roe-012,weapons free zone,,roe,2,"An air defense zone established for the protection of key assets or facilities, other than air bases, where weapon systems may be fired at any target not positively recognized as friendly.",doctrine,us-dod-dict-2026-08,DoD Dictionary (Aug 2026),174,Doctrinal reference: JP 3-01.,owner (delegated 2026-10-03)
roe-013,weapons readiness state,,roe,3,"The degree of readiness of weapons that can be launched to carry out an assigned task, normally expressed in numbers of weapons and numbers of minutes.",doctrine,us-dod-dict-2026-08,DoD Dictionary (Aug 2026),174,Doctrinal reference: JP 3-01.,owner (delegated 2026-10-03)
roe-014,minimum force,,roe,2,"Those minimum actions, including the use of armed force, sufficient to bring a situation under control or to defend against a hostile act or hostile intent.",doctrine,us-dod-dict-2026-08,DoD Dictionary (Aug 2026),106,Doctrinal reference: JP 3-23.,owner (delegated 2026-10-03)
roe-015,show of force,,roe,2,"An operation planned to demonstrate United States resolve that involves increased visibility of United States deployed forces in an attempt to defuse a specific situation that, if allowed to continue, may be detrimental to United States interests or national objectives.",doctrine,us-dod-dict-2026-08,DoD Dictionary (Aug 2026),146,Doctrinal reference: JP 3-0.,owner (delegated 2026-10-03)
roe-016,nonlethal weapon (NLW),NLW,roe,2,"A weapon, device, or munition that is explicitly designed and primarily employed to incapacitate personnel or materiel immediately, while minimizing fatalities, permanent injury to personnel, and undesired damage to property in the target area or environment. Also called NLW.",doctrine,us-dod-dict-2026-08,DoD Dictionary (Aug 2026),115,Doctrinal reference: JP 3-09.,owner (delegated 2026-10-03)
roe-017,cease engagement,,roe,2,A fire control order used to direct air defense units to stop tactical action against a specified target.,doctrine,us-atp-3-01-81,ATP 3-01.81,86,Doctrinal reference: ATP 1-02.1.,owner (delegated 2026-10-03)
roe-018,hold fire,,roe,2,An emergency fire control order to stop firing on a designated target and destroy missiles in flight.,doctrine,us-atp-3-01-81,ATP 3-01.81,86,Doctrinal reference: ATP 1.02.1.,owner (delegated 2026-10-03)
roe-019,free-fire area (FFA),FFA,roe,3,A specific region into which any weapon system may fire without additional coordination with the establishing headquarters. Also called FFA.,doctrine,us-dod-dict-2026-08,DoD Dictionary (Aug 2026),63,Doctrinal reference: JP 3-09.,owner (delegated 2026-10-03)
roe-020,final protective fire (FPF),FPF,roe,3,"An immediately available, prearranged barrier of fire designed to impede enemy movement across defensive lines or areas. Also called FPF.",doctrine,us-dod-dict-2026-08,DoD Dictionary (Aug 2026),57,Doctrinal reference: JP 3-09.3.,owner (delegated 2026-10-03)
roe-021,direct fire,,roe,3,Fire delivered on a target using the target itself as a point of aim for either the weapon or the director.,doctrine,us-dod-dict-2026-08,DoD Dictionary (Aug 2026),46,Doctrinal reference: JP 3-09.3.,owner (delegated 2026-10-03)
ew-001,electromagnetic warfare (EW),EW,ew,2,Military action involving the use of electromagnetic energy to control the electromagnetic spectrum or to attack the enemy. Also called EW.,doctrine,us-dod-dict-2026-08,DoD Dictionary (Aug 2026),50,Doctrinal reference: JP 3-85.,owner (delegated 2026-10-03)
ew-002,electromagnetic attack (EA),EA,ew,2,"Division of electromagnetic warfare using electromagnetic energy to attack personnel, facilities, or equipment with the intent of deceiving, disrupting, degrading, or destroying enemy combat capability and is considered a form of fires. Also called EA.",doctrine,us-dod-dict-2026-08,DoD Dictionary (Aug 2026),49,Doctrinal reference: JP 3-85.,owner (delegated 2026-10-03)
ew-003,electromagnetic protection (EP),EP,ew,2,"Division of electromagnetic warfare that protects personnel, facilities, and equipment from any effects of friendly or enemy use of the electromagnetic spectrum. Also called EP.",doctrine,us-dod-dict-2026-08,DoD Dictionary (Aug 2026),50,Doctrinal reference: JP 3-85.,owner (delegated 2026-10-03)
ew-004,electromagnetic support (ES),ES,ew,2,"Division of electromagnetic warfare involving actions tasked by, or under direct control of, a commander that searches for, intercepts, identifies, and locates electromagnetic energy. Also called ES.",doctrine,us-dod-dict-2026-08,DoD Dictionary (Aug 2026),50,Doctrinal reference: JP 3-85.,owner (delegated 2026-10-03)
ew-005,electromagnetic interference (EMI),EMI,ew,2,"Any electromagnetic disturbance that interrupts, obstructs, or otherwise degrades or limits the effective performance of electromagnetic spectrumdependent systems and electrical equipment. Also called EMI.",doctrine,us-dod-dict-2026-08,DoD Dictionary (Aug 2026),49,Doctrinal reference: JP 3-85.,owner (delegated 2026-10-03)
ew-006,electromagnetic spectrum operations (EMSO),EMSO,ew,2,"Service actions to exploit, attack, protect, and manage the electromagnetic environment. Also called EMSO.",doctrine,us-dod-dict-2026-08,DoD Dictionary (Aug 2026),50,Doctrinal reference: JP 3-85.,owner (delegated 2026-10-03)
ew-007,electromagnetic spectrum management,,ew,3,"The operational, engineering, and administrative procedures to plan and coordinate operations within the electromagnetic environment.",doctrine,us-dod-dict-2026-08,DoD Dictionary (Aug 2026),50,Doctrinal reference: JP 3-85.,owner (delegated 2026-10-03)
ew-008,electromagnetic compatibility,,ew,3,"The ability of systems, equipment, and devices that use the electromagnetic spectrum to operate in their intended environments without causing or suffering unacceptable or unintentional degradation because of electromagnetic radiation or response.",doctrine,us-dod-dict-2026-08,DoD Dictionary (Aug 2026),49,Doctrinal reference: JP 3-85.,owner (delegated 2026-10-03)
ew-009,electromagnetic environment (EME),EME,ew,3,The sum of electromagnetic emissions from all sources that the joint force encounters in a particular operational area. Also called EME.,doctrine,us-dod-dict-2026-08,DoD Dictionary (Aug 2026),49,Doctrinal reference: JP 3-85.,owner (delegated 2026-10-03)
ew-010,electromagnetic intrusion,,ew,3,"The intentional insertion of electromagnetic energy into transmission paths in any manner, with the objective of deceiving operators or causing confusion.",doctrine,us-dod-dict-2026-08,DoD Dictionary (Aug 2026),50,Doctrinal reference: JP 3-85.,owner (delegated 2026-10-03)
ew-011,electromagnetic probing,,ew,3,Radiation introduced into the devices or systems for the purpose of learning the functions and operational capabilities of the devices or systems.,doctrine,us-dod-dict-2026-08,DoD Dictionary (Aug 2026),50,Doctrinal reference: JP 3-85.,owner (delegated 2026-10-03)
ew-012,electromagnetic pulse (EMP),EMP,ew,3,A strong burst of electromagnetic radiation which may produce damaging current and voltage surges. Also called EMP.,doctrine,us-dod-dict-2026-08,DoD Dictionary (Aug 2026),50,Doctrinal reference: JP 3-85.,owner (delegated 2026-10-03)
ew-013,emission control (EMCON),EMCON,ew,2,"The controlled use of electromagnetic, acoustic, or other emitters to optimize command and control capabilities and minimize detection by enemy sensors, mutual interference among friendly systems, and enemy interference with the ability to execute a military deception plan. Also called EMCON.",doctrine,us-dod-dict-2026-08,DoD Dictionary (Aug 2026),52,Doctrinal reference: JP 3-85.,owner (delegated 2026-10-03)
ew-014,emission security,,ew,3,This portion of communications security designed to deny unauthorized persons information of value as a result of intercept and analysis of compromising emanations from cryptographic equipment and telecommunications systems.,doctrine,us-dod-dict-2026-08,DoD Dictionary (Aug 2026),52,Doctrinal reference: JP 6-0.,owner (delegated 2026-10-03)
ew-015,communications security (COMSEC),COMSEC,ew,2,Protective measures to deny unauthorized access to information of value derived from use of communications systems. Also called COMSEC.,doctrine,us-dod-dict-2026-08,DoD Dictionary (Aug 2026),32,Doctrinal reference: JP 6-0.,owner (delegated 2026-10-03)
ew-016,transmission security,,ew,3,That portion of communications security designed to protect communications from interception and exploitation by means other than cryptanalysis.,doctrine,us-dod-dict-2026-08,DoD Dictionary (Aug 2026),165,Doctrinal reference: JP 6-0.,owner (delegated 2026-10-03)
ew-017,joint restricted frequency list (JRFL),JRFL,ew,3,"A list of TABOO, PROTECTED, and GUARDED functions, nets, and frequencies, sorted by time and location, and limited to the minimum number of frequencies necessary for friendly forces to accomplish objectives. Also called JRFL.",doctrine,us-dod-dict-2026-08,DoD Dictionary (Aug 2026),89,Doctrinal reference: JP 3-85.,owner (delegated 2026-10-03)
ew-018,PROTECTED frequencies,,ew,3,"Friendly frequencies used for a particular operation, identified and protected for a period of time to prevent them from being inadvertently jammed by friendly forces while active electromagnetic warfare operations are directed against hostile forces.",doctrine,us-dod-dict-2026-08,DoD Dictionary (Aug 2026),130,Doctrinal reference: JP 3-85.,owner (delegated 2026-10-03)
ew-019,electromagnetic battle management (EMBM),EMBM,ew,3,"The dynamic planning, directing, monitoring, and assessing of operations in the electromagnetic spectrum in support of the commander’s concept of the operation. Also called EMBM.",doctrine,us-dod-dict-2026-08,DoD Dictionary (Aug 2026),49,Doctrinal reference: JP 3-85.,owner (delegated 2026-10-03)
ew-020,electromagnetic vulnerability,,ew,3,The characteristics of a system that cause it to suffer a performance degradation when subjected to electromagnetic environmental effects.,doctrine,us-dod-dict-2026-08,DoD Dictionary (Aug 2026),50,Doctrinal reference: JP 3-85.,owner (delegated 2026-10-03)
ew-021,electromagnetic hardening,,ew,3,"Action taken to protect personnel, facilities, and equipment against undesirable effects of electromagnetic energy.",doctrine,us-dod-dict-2026-08,DoD Dictionary (Aug 2026),49,Doctrinal reference: JP 3-85.,owner (delegated 2026-10-03)
ew-022,countermeasures,,ew,2,The employment of devices and techniques that impair the effectiveness of enemy actions.,doctrine,us-dod-dict-2026-08,DoD Dictionary (Aug 2026),37,Doctrinal reference: JP 3-85.,owner (delegated 2026-10-03)
ew-023,electro-optical-infrared countermeasure,,ew,3,A device or technique employing electrooptical-infrared materials or technology to impair the effectiveness of enemy activity.,doctrine,us-dod-dict-2026-08,DoD Dictionary (Aug 2026),51,Doctrinal reference: JP 3-85.,owner (delegated 2026-10-03)
ew-024,electromagnetic spectrum superiority,,ew,3,"That degree of control in the electromagnetic spectrum that permits the conduct of operations at a given time and place without prohibitive interference, while affecting the threat’s ability to do the same.",doctrine,us-dod-dict-2026-08,DoD Dictionary (Aug 2026),50,Doctrinal reference: JP 3-85.,owner (delegated 2026-10-03)
bd-044,base defense zone,,base-defense,2,An air defense zone established around an air base and limited to the engagement envelope of short-range air defense weapons systems defending that base.,doctrine,us-dod-dict-2026-08,DoD Dictionary (Aug 2026),17,Doctrinal reference: JP 3-52.,owner (delegated 2026-10-03)
bd-045,base boundary,,base-defense,2,"A line that delineates the surface area of a base for the purpose of facilitating coordination and deconfliction of operations between adjacent units, formations, or areas.",doctrine,us-dod-dict-2026-08,DoD Dictionary (Aug 2026),17,Doctrinal reference: JP 3-10.,owner (delegated 2026-10-03)
bd-046,base cluster,,base-defense,2,"A collection of bases, geographically grouped for mutual protection and ease of command and control.",doctrine,us-dod-dict-2026-08,DoD Dictionary (Aug 2026),17,Doctrinal reference: JP 3-10.,owner (delegated 2026-10-03)
bd-047,base cluster operations center (BCOC),BCOC,base-defense,3,A command and control facility that serves as the base cluster commander’s focal point for defense and security of the base cluster. Also called BCOC.,doctrine,us-dod-dict-2026-08,DoD Dictionary (Aug 2026),17,Doctrinal reference: JP 3-10.,owner (delegated 2026-10-03)
bd-048,physical security,,base-defense,2,"That part of security concerned with physical measures designed to safeguard personnel; to prevent unauthorized access to equipment, installations, material, and documents; and to safeguard them against espionage, sabotage, damage, and theft.",doctrine,us-dod-dict-2026-08,DoD Dictionary (Aug 2026),125,Doctrinal reference: JP 3-0.,owner (delegated 2026-10-03)
bd-049,security,,base-defense,2,"1. Measures taken by a military unit, activity, or installation to protect itself against all acts designed to, or which may, impair its effectiveness. (JP 3-10) 2. A condition that results from the establishment and maintenance of protective measures that ensure a state of inviolability from hostile acts or influences. (JP 3-10) 3. Measures taken to prevent unauthorized persons from having access to information safeguarded in the interest of the nation.",doctrine,us-dod-dict-2026-08,DoD Dictionary (Aug 2026),143,Doctrinal reference: JP 2-0.,owner (delegated 2026-10-03)
bd-050,mobile security force (MSF),MSF,base-defense,2,A highly mobile and dedicated security force with the capability to defeat Level I and II threats in a joint security area. Also called MSF.,doctrine,us-dod-dict-2026-08,DoD Dictionary (Aug 2026),107,Doctrinal reference: JP 3-10.,owner (delegated 2026-10-03)
bd-051,tactical combat force (TCF),TCF,base-defense,3,"A rapidly deployable, air-ground, mobile combat unit with appropriate combat support and combat service support assets assigned to, and capable of, defeating Level III threats, including combined arms. Also called TCF.",doctrine,us-dod-dict-2026-08,DoD Dictionary (Aug 2026),157,Doctrinal reference: JP 3-10.,owner (delegated 2026-10-03)
bd-052,joint security area (JSA),JSA,base-defense,3,A specific area to facilitate protection of joint bases and their connecting lines of communications that support joint operations. Also called JSA.,doctrine,us-dod-dict-2026-08,DoD Dictionary (Aug 2026),89,Doctrinal reference: JP 3-10.,owner (delegated 2026-10-03)
bd-053,joint security coordinator (JSC),JSC,base-defense,3,The officer responsible for coordinating the overall security of the operational area in accordance with joint force commander directives and priorities. Also called JSC.,doctrine,us-dod-dict-2026-08,DoD Dictionary (Aug 2026),89,Doctrinal reference: JP 3-10.,owner (delegated 2026-10-03)
bd-054,joint security coordination center (JSCC),JSCC,base-defense,3,A joint operations center tailored to assist the joint security coordinator in meeting the security requirements in the joint operational area. Also called JSCC.,doctrine,us-dod-dict-2026-08,DoD Dictionary (Aug 2026),89,Doctrinal reference: JP 3-10.,owner (delegated 2026-10-03)
bd-055,terrorism threat level,,base-defense,2,"A Department of Defense intelligence threat assessment of the level of terrorist threat faced by United States personnel and interests in a foreign nation; the levels are expressed as LOW, MODERATE, SIGNIFICANT, and HIGH.",doctrine,us-dod-dict-2026-08,DoD Dictionary (Aug 2026),162,Doctrinal reference: JP 3-26.,owner (delegated 2026-10-03)
bd-056,threat analysis,,base-defense,3,"In antiterrorism, a continual process of compiling and examining all available information concerning activities by terrorist groups which could target a facility.",doctrine,us-dod-dict-2026-08,DoD Dictionary (Aug 2026),163,Doctrinal reference: JP 3-26.,owner (delegated 2026-10-03)
bd-057,improvised explosive device (IED),IED,base-defense,2,"A weapon fabricated or emplaced in an unconventional manner incorporating destructive, lethal, noxious, pyrotechnic, or incendiary chemicals. Also called IED.",doctrine,us-dod-dict-2026-08,DoD Dictionary (Aug 2026),73,Doctrinal reference: JP 3-42.,owner (delegated 2026-10-03)
bd-058,vehicle-borne improvised explosive device (VBIED),VBIED,base-defense,2,"A device placed or fabricated in an improvised manner on a vehicle incorporating destructive, lethal, noxious, pyrotechnic, or incendiary chemicals and designed to destroy, incapacitate, harass, or distract. Also called VBIED.",doctrine,us-dod-dict-2026-08,DoD Dictionary (Aug 2026),171,Doctrinal reference: JP 3-10.,owner (delegated 2026-10-03)
bd-059,explosive ordnance disposal (EOD),EOD,base-defense,2,"The process to detect, locate, access, diagnose, render safe/neutralize, recover, exploit, and dispose of explosive or improvised explosive threats. Also called EOD.",doctrine,us-dod-dict-2026-08,DoD Dictionary (Aug 2026),55,Doctrinal reference: JP 3-42.,owner (delegated 2026-10-03)
bd-060,explosive hazard (EH),EH,base-defense,3,"1. Any material posing a potential threat that contains an explosive component. (JP 3-15) 2. In explosive ordnance disposal, a condition where danger exists because explosives are present that may react in a mishap with potential unacceptable effects to people, property, operational capability, or the environment. Also called EH.",doctrine,us-dod-dict-2026-08,DoD Dictionary (Aug 2026),55,Doctrinal reference: JP 3-42.,owner (delegated 2026-10-03)
bd-061,explosive ordnance,,base-defense,3,"All munitions and improvised or clandestine explosive devices, containing explosives, propellants, nuclear fission or fusion materials, and biological and chemical agents.",doctrine,us-dod-dict-2026-08,DoD Dictionary (Aug 2026),55,Doctrinal reference: JP 3-42.,owner (delegated 2026-10-03)
bd-062,counter-improvised explosive device (C-IED),C-IED,base-defense,3,"The organization, integration, and synchronization of capabilities that enable offensive, defensive, and support activities across the competition continuum to defeat improvised explosive devices. Also called C-IED.",doctrine,us-dod-dict-2026-08,DoD Dictionary (Aug 2026),36,Doctrinal reference: JP 3-42.,owner (delegated 2026-10-03)
bd-063,area damage control (ADC),ADC,base-defense,2,"Measures taken before, during, and/or after a hostile action or natural or manmade disasters to reduce the probability of damage and minimize its effects. Also called ADC.",doctrine,us-dod-dict-2026-08,DoD Dictionary (Aug 2026),14,Doctrinal reference: JP 3-10.,owner (delegated 2026-10-03)
bd-064,collective protection (COLPRO),COLPRO,base-defense,3,"The protection provided to a group of individuals that permits relaxation of individual chemical, biological, radiological, or nuclear protection. Also called COLPRO.",doctrine,us-dod-dict-2026-08,DoD Dictionary (Aug 2026),27,Doctrinal reference: JP 3-11.,owner (delegated 2026-10-03)
bd-065,individual protective equipment (IPE),IPE,base-defense,3,"The personal clothing and equipment provided to all military, government civilians, and contractors authorized to accompany the force required to protect an individual from chemical, biological, and radiological hazards and some nuclear hazards. Also called IPE.",doctrine,us-dod-dict-2026-08,DoD Dictionary (Aug 2026),74,Doctrinal reference: JP 3-11.,owner (delegated 2026-10-03)
bd-066,mission-oriented protective posture (MOPP),MOPP,base-defense,2,"A system of protection against chemical, biological, radiological, and nuclear contamination in which personnel are required to wear protective clothing and equipment appropriate to the threat level, work rate imposed by the mission or environment. Also called MOPP.",doctrine,us-dod-dict-2026-08,DoD Dictionary (Aug 2026),107,Doctrinal reference: JP 3-11.,owner (delegated 2026-10-03)
bd-067,defense critical infrastructure (DCI),DCI,base-defense,3,"Department of Defense and non-Department of Defense networked assets and facilities essential to project, support, and sustain military forces and operations worldwide. Also called DCI.",doctrine,us-dod-dict-2026-08,DoD Dictionary (Aug 2026),42,Doctrinal reference: JP 3-27.,owner (delegated 2026-10-03)
bd-068,cooperative security location (CSL),CSL,base-defense,3,"A facility located outside the United States and its territories with little or no permanent United States presence that is maintained by periodic Service, contractor, or host nation support. Also called CSL.",doctrine,us-dod-dict-2026-08,DoD Dictionary (Aug 2026),35,Doctrinal reference: JP 4-04.,owner (delegated 2026-10-03)
bd-069,forward operating base (FOB),FOB,base-defense,2,An airfield used to support tactical operations without establishing full support facilities. Also called FOB.,doctrine,us-dod-dict-2026-08,DoD Dictionary (Aug 2026),63,Doctrinal reference: JP 3-09.3.,owner (delegated 2026-10-03)
bd-070,main operating base (MOB),MOB,base-defense,3,A facility outside the United States and its territories with permanently stationed operating forces and robust infrastructure. Also called MOB.,doctrine,us-dod-dict-2026-08,DoD Dictionary (Aug 2026),101,Doctrinal reference: JP 4-04.,owner (delegated 2026-10-03)
bd-071,intermediate staging base (ISB),ISB,base-defense,3,"A tailorable, temporary location used for staging forces, sustainment, and/or extraction into and out of an operational area. Also called ISB.",doctrine,us-dod-dict-2026-08,DoD Dictionary (Aug 2026),80,Doctrinal reference: JP 3-35.,owner (delegated 2026-10-03)
bd-072,internal security,,base-defense,3,The state of law and order prevailing within a nation.,doctrine,us-dod-dict-2026-08,DoD Dictionary (Aug 2026),80,Doctrinal reference: JP 3-08.,owner (delegated 2026-10-03)
bd-073,countersurveillance,,base-defense,3,"All measures, active or passive, taken to counteract hostile surveillance.",doctrine,us-dod-dict-2026-08,DoD Dictionary (Aug 2026),37,Doctrinal reference: JP 3-26.,owner (delegated 2026-10-03)
bd-074,operations security (OPSEC),OPSEC,base-defense,2,An activity that identifies and controls critical information and indicators of friendly force actions. Also called OPSEC.,doctrine,us-dod-dict-2026-08,DoD Dictionary (Aug 2026),120,Doctrinal reference: JP 3-55.,owner (delegated 2026-10-03)
bd-075,force protection working group (FPWG),FPWG,base-defense,3,Cross-functional working group whose purpose is to conduct risk assessment and risk management and to recommend mitigating measures to the commander. Also called FPWG.,doctrine,us-dod-dict-2026-08,DoD Dictionary (Aug 2026),60,Doctrinal reference: JP 3-10.,owner (delegated 2026-10-03)
bd-076,antiterrorism (AT),AT,base-defense,2,"Defensive measures used to reduce the vulnerability of individuals and property to terrorist acts, to include rapid containment by local military and civilian forces. Also called AT.",doctrine,us-dod-dict-2026-08,DoD Dictionary (Aug 2026),13,Doctrinal reference: JP 3-26.,owner (delegated 2026-10-03)
bd-077,base support installation (BSI),BSI,base-defense,3,A Department of Defense Service or agency installation within the United States and its territories tasked to serve as a base for military forces engaged in either homeland defense or conducting defense support of civil authorities. Also called BSI.,doctrine,us-dod-dict-2026-08,DoD Dictionary (Aug 2026),18,Doctrinal reference: JP 3-28.,owner (delegated 2026-10-03)
bd-078,joint base,,base-defense,3,"In base defense operations, a locality from which operations of two or more of the Military Departments are projected or supported and which is manned by significant elements of two or more Military Departments or in which significant elements of two or more Military Departments are located.",doctrine,us-dod-dict-2026-08,DoD Dictionary (Aug 2026),83,Doctrinal reference: JP 3-10.,owner (delegated 2026-10-03)
bd-079,dynamic threat assessment (DTA),DTA,base-defense,3,A defense strategic intelligence assessment developed by the Defense Intelligence Agency to support combatant command planning. Also called DTA.,doctrine,us-dod-dict-2026-08,DoD Dictionary (Aug 2026),48,Doctrinal reference: JP 2-0.,owner (delegated 2026-10-03)
bd-080,countermobility,,base-defense,3,"The construction of obstacles and emplacement of minefields to delay, disrupt, and destroy the enemy by reinforcement of the terrain.",doctrine,us-dod-dict-2026-08,DoD Dictionary (Aug 2026),37,Doctrinal reference: JP 3-34.,owner (delegated 2026-10-03)
bd-081,improvised threat,,base-defense,3,"Devices; systems; and associated tactics, techniques, and procedures designed, fielded, or employed unconventionally.",doctrine,us-dod-dict-2026-08,DoD Dictionary (Aug 2026),74,Doctrinal reference: JP 3-25.,owner (delegated 2026-10-03)
bd-082,protection,,base-defense,3,"Preservation of the effectiveness and survivability of mission-related military and nonmilitary personnel, equipment, facilities, information, and infrastructure deployed or located within or outside the boundaries of a given operational area.",doctrine,us-dod-dict-2026-08,DoD Dictionary (Aug 2026),130,Doctrinal reference: JP 3-0.,owner (delegated 2026-10-03)
bd-083,force health protection (FHP),FHP,base-defense,3,"Measures to promote, improve, or conserve the behavioral and physical well-being of Service members to enable a healthy and fit force, prevent injury and illness, and protect the force from health hazards. Also called FHP.",doctrine,us-dod-dict-2026-08,DoD Dictionary (Aug 2026),60,Doctrinal reference: JP 4-02.,owner (delegated 2026-10-03)
c2-019,command and control (C2),C2,c2,2,The exercise of authority and direction by a properly designated commander over assigned and attached forces in the accomplishment of the mission. Also called C2.,doctrine,us-dod-dict-2026-08,DoD Dictionary (Aug 2026),30,"Doctrinal reference: JP 1, Volume 2.",owner (delegated 2026-10-03)
c2-020,command,,c2,2,"1. The authority that a commander in the armed forces lawfully exercises over subordinates by virtue of rank or assignment. 2. An order given by a commander. 3. A unit or units, an organization, or an area under the authority of one individual.",doctrine,us-dod-dict-2026-08,DoD Dictionary (Aug 2026),30,"Doctrinal reference: JP 1, Volume 2.",owner (delegated 2026-10-03)
c2-021,control,,c2,3,"1. Authority that may be less than full command exercised by a commander over part of the activities of subordinate or other organizations. (JP 1, Volume 2) 2. In mapping, charting, and photogrammetry, a collective term for a system of marks or objects on the Earth, a map, or a photograph, whose positions or elevations (or both) have been or will be determined. (JP 2-0) 3. Physical or psychological pressures exerted with the intent to assure that an agent or group will respond as directed. (JP 3-0) 4. In intelligence usage, an indicator governing the distribution and use of documents, information, or material.",doctrine,us-dod-dict-2026-08,DoD Dictionary (Aug 2026),35,Doctrinal reference: JP 2-0.,owner (delegated 2026-10-03)
c2-022,operational control (OPCON),OPCON,c2,2,"The authority to perform those functions of command over subordinate forces involving organizing and employing commands and forces, assigning tasks, designating objectives, and giving authoritative direction necessary to accomplish the mission. Also called OPCON.",doctrine,us-dod-dict-2026-08,DoD Dictionary (Aug 2026),119,"Doctrinal reference: JP 1, Volume 2.",owner (delegated 2026-10-03)
c2-023,tactical control (TACON),TACON,c2,2,The authority over forces that is limited to the detailed direction and control of movements or maneuvers within the operational area necessary to accomplish missions or tasks assigned. Also called TACON.,doctrine,us-dod-dict-2026-08,DoD Dictionary (Aug 2026),157,"Doctrinal reference: JP 1, Volume 2.",owner (delegated 2026-10-03)
c2-024,administrative control (ADCON),ADCON,c2,3,Direction or exercise of authority over subordinate or other organizations in respect to administration and support. Also called ADCON.,doctrine,us-dod-dict-2026-08,DoD Dictionary (Aug 2026),6,"Doctrinal reference: JP 1, Volume 2.",owner (delegated 2026-10-03)
c2-025,chain of command,,c2,2,The succession of commanding officers from a superior to a subordinate through which command is exercised.,doctrine,us-dod-dict-2026-08,DoD Dictionary (Aug 2026),22,"Doctrinal reference: JP 1, Volume 2.",owner (delegated 2026-10-03)
c2-026,commander's intent,,c2,2,"A clear and concise expression of the operation’s purpose , key tasks, and military objectives or ends.",doctrine,us-dod-dict-2026-08,DoD Dictionary (Aug 2026),30,Doctrinal reference: JP 3-0.,owner (delegated 2026-10-03)
c2-027,commander's critical information requirement (CCIR),CCIR,c2,3,Specific information identified by the commander as being essential to facilitate timely decision making. Also called CCIR.,doctrine,us-dod-dict-2026-08,DoD Dictionary (Aug 2026),30,Doctrinal reference: JP 3-0.,owner (delegated 2026-10-03)
c2-028,mission command,,c2,2,The conduct of military operations through decentralized execution based upon mission-type orders.,doctrine,us-dod-dict-2026-08,DoD Dictionary (Aug 2026),107,Doctrinal reference: JP 3-31.,owner (delegated 2026-10-03)
c2-029,unity of command,,c2,3,"The direction of all forces under a single, responsible commander who has the requisite authority to direct and employ those forces.",doctrine,us-dod-dict-2026-08,DoD Dictionary (Aug 2026),168,Doctrinal reference: JP 3-0.,owner (delegated 2026-10-03)
c2-030,direct liaison authorized (DIRLAUTH),DIRLAUTH,c2,3,That authority granted by a commander (any level) to a subordinate to directly consult or coordinate an action with a command or agency within or outside of the granting command. Also called DIRLAUTH.,doctrine,us-dod-dict-2026-08,DoD Dictionary (Aug 2026),46,"Doctrinal reference: JP 1, Volume 2.",owner (delegated 2026-10-03)
c2-031,interagency coordination,,c2,3,The planning and synchronization of efforts that occur between elements of Department of Defense and participating United States Government departments and agencies.,doctrine,us-dod-dict-2026-08,DoD Dictionary (Aug 2026),79,Doctrinal reference: JP 3-0.,owner (delegated 2026-10-03)
c2-032,multinational force (MNF),MNF,c2,2,A force composed of military elements of nations who have formed an alliance or coalition for a specific purpose. Also called MNF.,doctrine,us-dod-dict-2026-08,DoD Dictionary (Aug 2026),108,"Doctrinal reference: JP 1, Volume 2.",owner (delegated 2026-10-03)
c2-033,multinational force commander (MNFC),MNFC,c2,3,A general term applied to a commander who exercises command authority over a military force composed of elements from two or more nations. Also called MNFC.,doctrine,us-dod-dict-2026-08,DoD Dictionary (Aug 2026),109,Doctrinal reference: JP 3-16.,owner (delegated 2026-10-03)
c2-034,classified information,,c2,2,"Official information that has been determined to require, in the interests of national security, protection against unauthorized disclosure and which has been so designated.",doctrine,us-dod-dict-2026-08,DoD Dictionary (Aug 2026),25,Doctrinal reference: JP 2-0.,owner (delegated 2026-10-03)
c2-035,security review,,c2,3,"In public affairs, the process of reviewing information and products prior to public release to ensure the material does not jeopardize ongoing or future operations.",doctrine,us-dod-dict-2026-08,DoD Dictionary (Aug 2026),143,Doctrinal reference: JP 3-61.,owner (delegated 2026-10-03)
c2-036,command net,,c2,3,A communications network that connects an echelon of command with some or all of its subordinate echelons for the purpose of command and control.,doctrine,us-dod-dict-2026-08,DoD Dictionary (Aug 2026),31,Doctrinal reference: JP 3-09.3.,owner (delegated 2026-10-03)
c2-037,friendly force tracking (FFT),FFT,c2,3,"The process of fixing, observing, and reporting the location and movement of friendly forces. Also called FFT.",doctrine,us-dod-dict-2026-08,DoD Dictionary (Aug 2026),63,Doctrinal reference: JP 3-09.,owner (delegated 2026-10-03)
c2-038,warning order (WARNORD),WARNORD,c2,2,"A preliminary notice of an order or action, or a planning directive that initiates the development and evaluation of courses of action by a commander. Also called WARNORD.",doctrine,us-dod-dict-2026-08,DoD Dictionary (Aug 2026),173,Doctrinal reference: JP 5-0.,owner (delegated 2026-10-03)
c2-039,alert order (ALERTORD),ALERTORD,c2,3,A planning directive that provides essential planning guidance and directs the initiation of planning but does not authorize execution. Also called ALERTORD.,doctrine,us-dod-dict-2026-08,DoD Dictionary (Aug 2026),11,Doctrinal reference: JP 5-0.,owner (delegated 2026-10-03)
c2-040,supported commander,,c2,3,"1. The commander having primary responsibility for all aspects of a task assigned. 2. In the context of joint planning, the commander who prepares operation plans or operation orders in response to requirements of the Chairman of the Joint Chiefs of Staff. 3. In the context of a support command relationship, the commander who receives assistance from another commander, and who is responsible for ensuring the supporting commander understands the assistance required.",doctrine,us-dod-dict-2026-08,DoD Dictionary (Aug 2026),153,Doctrinal reference: JP 3-0.,owner (delegated 2026-10-03)
c2-041,supporting commander,,c2,3,"1. A commander who provides actions and other directed support to a supported commander. 2. In the context of a support command relationship, the commander who aids, protects, complements, or sustains another commander’s force and who is responsible for providing the assistance required by the supported commander.",doctrine,us-dod-dict-2026-08,DoD Dictionary (Aug 2026),153,Doctrinal reference: JP 3-0.,owner (delegated 2026-10-03)
c2-042,joint force commander (JFC),JFC,c2,3,"A general term applied to a combatant commander, subordinate unified commander, or joint task force commander. Also called JFC.",doctrine,us-dod-dict-2026-08,DoD Dictionary (Aug 2026),85,"Doctrinal reference: JP 1, Volume 1.",owner (delegated 2026-10-03)
c2-043,joint task force (JTF),JTF,c2,3,"A joint force that is constituted and so designated by the Secretary of Defense, a combatant commander, a subordinate unified commander, or an existing joint task force commander to accomplish a specific mission. Also called JTF.",doctrine,us-dod-dict-2026-08,DoD Dictionary (Aug 2026),90,"Doctrinal reference: JP 1, Volume 1.",owner (delegated 2026-10-03)
c2-044,command relationships,,c2,3,"The interrelated responsibilities between commanders, as well as the operational authority exercised by commanders in the chain of command.",doctrine,us-dod-dict-2026-08,DoD Dictionary (Aug 2026),31,"Doctrinal reference: JP 1, Volume 2.",owner (delegated 2026-10-03)
c2-045,decentralized control,,c2,3,"In air defense, the normal mode whereby a higher echelon monitors unit actions, making direct target assignments to units only when necessary to ensure proper fire distribution or to prevent engagement of friendly aircraft.",doctrine,us-dod-dict-2026-08,DoD Dictionary (Aug 2026),41,Doctrinal reference: JP 3-01.,owner (delegated 2026-10-03)
c2-046,centralized control,,c2,3,"In air defense, the control mode whereby a higher echelon makes direct target assignments to fire units.",doctrine,us-dod-dict-2026-08,DoD Dictionary (Aug 2026),22,Doctrinal reference: JP 3-01.,owner (delegated 2026-10-03)
c2-047,civil affairs (CA),CA,c2,3,"Forces trained, equipped, and employed to understand, access, influence, and create effects within the civil component of the operational environment. Also called CA.",doctrine,us-dod-dict-2026-08,DoD Dictionary (Aug 2026),24,Doctrinal reference: JP 3-57.,owner (delegated 2026-10-03)
c2-048,public affairs (PA),PA,c2,3,Communication activities with external and internal audiences. Also called PA.,doctrine,us-dod-dict-2026-08,DoD Dictionary (Aug 2026),130,Doctrinal reference: JP 3-61.,owner (delegated 2026-10-03)
c2-049,community engagement,,c2,3,Public affairs activities that support the relationship between military and civilian communities.,doctrine,us-dod-dict-2026-08,DoD Dictionary (Aug 2026),32,Doctrinal reference: JP 3-61.,owner (delegated 2026-10-03)
c2-050,military engagement,,c2,3,"Contact and interaction between individuals or elements of the Armed Forces of the United States and those of another nation’s armed forces, or foreign and domestic civilian authorities or agencies, to build trust and confidence, share information, coordinate mutual activities, and maintain influence.",doctrine,us-dod-dict-2026-08,DoD Dictionary (Aug 2026),105,Doctrinal reference: JP 3-0.,owner (delegated 2026-10-03)
c2-051,security cooperation (SC),SC,c2,3,"Department of Defense interactions with foreign security establishments to build relationships that promote specific United States security interests, develop allied and partner military and security capabilities for self-defense and multinational operations, and provide United States forces with peacetime and contingency access to allies and partners. Also called SC.",doctrine,us-dod-dict-2026-08,DoD Dictionary (Aug 2026),143,Doctrinal reference: JP 3-20.,owner (delegated 2026-10-03)
c2-052,security force assistance (SFA),SFA,c2,3,The Department of Defense activities that support the development of the capability and capacity of foreign security forces and their supporting institutions. Also called SFA.,doctrine,us-dod-dict-2026-08,DoD Dictionary (Aug 2026),143,Doctrinal reference: JP 3-20.,owner (delegated 2026-10-03)
log-001,logistics,,logistics,2,Planning and executing the movement and support of forces.,doctrine,us-dod-dict-2026-08,DoD Dictionary (Aug 2026),98,Doctrinal reference: JP 4-0.,owner (delegated 2026-10-03)
log-002,supply,,logistics,3,"The procurement, distribution, maintenance while in storage, and salvage of supplies, including the determination of kind and quantity of supplies.",doctrine,us-dod-dict-2026-08,DoD Dictionary (Aug 2026),153,Doctrinal reference: JP 4-0.,owner (delegated 2026-10-03)
log-003,common-user logistics (CUL),CUL,logistics,3,Materiel or service support shared with or provided by two or more users. Also called CUL.,doctrine,us-dod-dict-2026-08,DoD Dictionary (Aug 2026),32,Doctrinal reference: JP 4-09.,owner (delegated 2026-10-03)
log-004,multinational logistics (MNL),MNL,logistics,2,"Any coordinated logistic activity involving two or more nations supporting a multinational force conducting military operations under the auspices of an alliance or coalition, including those conducted under United Nations mandate. Also called MNL.",doctrine,us-dod-dict-2026-08,DoD Dictionary (Aug 2026),109,Doctrinal reference: JP 3-16.,owner (delegated 2026-10-03)
log-005,base operating support (BOS),BOS,logistics,3,"Directly assisting, maintaining, supplying, and distributing support of forces at the operating location. Also called BOS.",doctrine,us-dod-dict-2026-08,DoD Dictionary (Aug 2026),18,Doctrinal reference: JP 4-0.,owner (delegated 2026-10-03)
log-006,host-nation support (HNS),HNS,logistics,2,"Civil and/or military assistance rendered by a nation to foreign forces within its territory during peacetime, crises or emergencies, or war based on agreements mutually concluded between nations. Also called HNS.",doctrine,us-dod-dict-2021-11,DoD Dictionary (Nov 2021),98,Doctrinal reference: JP 4-0.,owner (delegated 2026-10-03)
log-007,force beddown,,logistics,3,"The creation of temporary facilities for troop support, serving as a base for force projection.",doctrine,us-dod-dict-2026-08,DoD Dictionary (Aug 2026),60,Doctrinal reference: JP 3-34.,owner (delegated 2026-10-03)
log-008,staging base,,logistics,3,"An advanced naval base for the anchoring, fueling, and refitting of transports and cargo ships and for replenishment of mobile service squadrons.",doctrine,us-dod-dict-2026-08,DoD Dictionary (Aug 2026),150,Doctrinal reference: JP 3-36.,owner (delegated 2026-10-03)
log-009,movement control team (MCT),MCT,logistics,3,An Army team used to decentralize the execution of movement responsibilities on an area basis or at key transportation nodes. Also called MCT.,doctrine,us-dod-dict-2026-08,DoD Dictionary (Aug 2026),108,Doctrinal reference: JP 4-09.,owner (delegated 2026-10-03)
log-010,contractors authorized to accompany the force (CAAF),CAAF,logistics,3,Contractor employees issued a letter of authorization to accompany the joint force in applicable contingency operations outside of the United States. Also called CAAF.,doctrine,us-dod-dict-2026-08,DoD Dictionary (Aug 2026),35,Doctrinal reference: JP 4-10.,owner (delegated 2026-10-03)
log-011,air mobility,,logistics,3,"The rapid movement of personnel, materiel, and forces to and from, or within, a theater by air.",doctrine,us-dod-dict-2026-08,DoD Dictionary (Aug 2026),9,Doctrinal reference: JP 3-36.,owner (delegated 2026-10-03)
log-012,intratheater airlift,,logistics,3,Airlift conducted within a theater with forces assigned to a combatant commander or attached to a subordinate joint force commander.,doctrine,us-dod-dict-2026-08,DoD Dictionary (Aug 2026),81,Doctrinal reference: JP 3-36.,owner (delegated 2026-10-03)
log-013,airdrop,,logistics,3,The unloading of personnel or materiel from aircraft in flight.,doctrine,us-dod-dict-2026-08,DoD Dictionary (Aug 2026),8,Doctrinal reference: JP 3-36.,owner (delegated 2026-10-03)
med-002,casualty,,medical,2,"Any person who is lost to the organization by having been declared dead, duty status – whereabouts unknown, excused absence – whereabouts unknown, missing, ill, or injured.",doctrine,us-dod-dict-2026-08,DoD Dictionary (Aug 2026),22,Doctrinal reference: JP 4-02.,owner (delegated 2026-10-03)
med-003,casualty evacuation (CASEVAC),CASEVAC,medical,2,The unregulated movement of casualties aboard any vehicle. Also called CASEVAC.,doctrine,us-dod-dict-2026-08,DoD Dictionary (Aug 2026),22,Doctrinal reference: JP 4-02.,owner (delegated 2026-10-03)
med-004,aeromedical evacuation (AE),AE,medical,2,The movement of patients under medical supervision to and between medical treatment facilities by air transportation. Also called AE.,doctrine,us-dod-dict-2026-08,DoD Dictionary (Aug 2026),6,Doctrinal reference: JP 4-02.,owner (delegated 2026-10-03)
med-005,mass casualty,,medical,2,Any number of human casualties produced across a period of time that exceeds available medical support capabilities.,doctrine,us-dod-dict-2026-08,DoD Dictionary (Aug 2026),102,Doctrinal reference: JP 4-02.,owner (delegated 2026-10-03)
med-006,roles of medical care,,medical,3,The characterization of health support for the distribution of medical resources and capabilities.,doctrine,us-dod-dict-2026-08,DoD Dictionary (Aug 2026),138,Doctrinal reference: JP 4-02.,owner (delegated 2026-10-03)
med-007,medical treatment facility (MTF),MTF,medical,3,A facility established for the purpose of furnishing medical and/or dental care to eligible individuals. Also called MTF.,doctrine,us-dod-dict-2026-08,DoD Dictionary (Aug 2026),104,Doctrinal reference: JP 4-02.,owner (delegated 2026-10-03)
med-008,tactical combat casualty care (TCCC),TCCC,medical,2,The deliberate integration of tactics and medicine to treat casualties during combat. Also called TCCC.,doctrine,us-dod-dict-2026-08,DoD Dictionary (Aug 2026),157,Doctrinal reference: JP 4-02.,owner (delegated 2026-10-03)
med-009,combat and operational stress control (COSC),COSC,medical,3,"Actions to prevent, identify, and manage adverse combat and operational stress reactions. Also called COSC.",doctrine,us-dod-dict-2026-08,DoD Dictionary (Aug 2026),28,Doctrinal reference: JP 4-02.,owner (delegated 2026-10-03)
med-010,medical regulating,,medical,3,The coordination for the movement of patients to match patients with an appropriate medical treatment facility.,doctrine,us-dod-dict-2026-08,DoD Dictionary (Aug 2026),104,Doctrinal reference: JP 4-02.,owner (delegated 2026-10-03)
med-011,personal protective equipment (PPE),PPE,medical,3,Mission-specific protective equipment provided to shield or isolate personnel from hazards. Also called PPE.,doctrine,us-dod-dict-2026-08,DoD Dictionary (Aug 2026),124,Doctrinal reference: JP 3-11.,owner (delegated 2026-10-03)
hadr-001,foreign humanitarian assistance (FHA),FHA,hadr,2,"Department of Defense activities conducted outside the United States and its territories to directly relieve or reduce human suffering, disease, hunger, or privation. Also called FHA.",doctrine,us-dod-dict-2026-08,DoD Dictionary (Aug 2026),61,Doctrinal reference: JP 3-29.,owner (delegated 2026-10-03)
hadr-002,foreign disaster relief (FDR),FDR,hadr,2,"Assistance that can be used immediately to alleviate the suffering of foreign disaster victims that normally includes services and commodities, as well as the rescue and evacuation of victims; the provision and transportation of food, water, clothing, medicines, beds, bedding, and temporary shelter; the furnishing of medical equipment and medical and technical personnel; and making repairs to essential services. Also called FDR.",doctrine,us-dod-dict-2026-08,DoD Dictionary (Aug 2026),61,Doctrinal reference: JP 3-29.,owner (delegated 2026-10-03)
hadr-003,foreign disaster,,hadr,3,"A calamitous situation or event that occurs naturally or through human activities, which threatens or inflicts human suffering on a scale that may warrant emergency relief assistance from the United States Government or from foreign partners.",doctrine,us-dod-dict-2026-08,DoD Dictionary (Aug 2026),61,Doctrinal reference: JP 3-29.,owner (delegated 2026-10-03)
hadr-004,natural disaster,,hadr,3,A situation that poses significant danger to life and property that results from a natural cause.,doctrine,us-dod-dict-2026-08,DoD Dictionary (Aug 2026),112,Doctrinal reference: JP 3-29.,owner (delegated 2026-10-03)
hadr-005,humanitarian and civic assistance (HCA),HCA,hadr,3,"Assistance to the local populace, specifically authorized by Title 10, United States Code, Section 401, and funded under separate authorities, provided by predominantly United States forces in conjunction with military operations. Also called HCA.",doctrine,us-dod-dict-2026-08,DoD Dictionary (Aug 2026),71,Doctrinal reference: JP 3-29.,owner (delegated 2026-10-03)
hadr-006,humanitarian operations center (HOC),HOC,hadr,3,An international and interagency body that coordinates the overall relief strategy and unity of effort among all participants in a large foreign humanitarian assistance operation. Also called HOC.,doctrine,us-dod-dict-2026-08,DoD Dictionary (Aug 2026),71,Doctrinal reference: JP 3-29.,owner (delegated 2026-10-03)
hadr-007,humanitarian assistance coordination center (HACC),HACC,hadr,3,A temporary center established by a geographic combatant commander to assist with interagency coordination and planning during the early planning and coordination stages of foreign humanitarian assistance operations. Also called HACC.,doctrine,us-dod-dict-2026-08,DoD Dictionary (Aug 2026),71,Doctrinal reference: JP 3-29.,owner (delegated 2026-10-03)
hadr-008,disaster assistance response team (DART),DART,hadr,3,"A team deployed by the United States Agency for International Development, if a large-scale, urgent, and/or extended response is necessary, to provide specialists to assist the chief of mission and the United States Agency for International Development mission (where present) with the management of the United States Government response to a disaster. Also called DART.",doctrine,us-dod-dict-2026-08,DoD Dictionary (Aug 2026),47,Doctrinal reference: JP 3-08.,owner (delegated 2026-10-03)
hadr-009,noncombatant evacuation operation (NEO),NEO,hadr,2,The withdrawal of civilians and noncombatants from a threatened area abroad that is carried out with the assistance of the Department of Defense. Also called NEO.,doctrine,us-dod-dict-2026-08,DoD Dictionary (Aug 2026),114,Doctrinal reference: JP 3-68.,owner (delegated 2026-10-03)
hadr-010,civil-military operations center (CMOC),CMOC,hadr,2,"An organization established by a joint force commander to plan and facilitate coordination of activities of the Armed Forces of the United States within local populations and institutions, the private sector, international organizations, nongovernmental organizations, multinational forces, and other governmental agencies. Also called CMOC.",doctrine,us-dod-dict-2026-08,DoD Dictionary (Aug 2026),24,Doctrinal reference: JP 3-57.,owner (delegated 2026-10-03)
hadr-011,dislocated civilian (DC),DC,hadr,2,"A broad term primarily used by the Department of Defense that includes a displaced person, an evacuee, an internally displaced person, a migrant, a refugee, or a stateless person. Also called DC.",doctrine,us-dod-dict-2026-08,DoD Dictionary (Aug 2026),47,Doctrinal reference: JP 3-29.,owner (delegated 2026-10-03)
hadr-012,evacuation,,hadr,3,1. Transfer of a patient to or between medical treatment facilities.,doctrine,us-dod-dict-2026-08,DoD Dictionary (Aug 2026),53,Doctrinal reference: JP 4-02.,owner (delegated 2026-10-03)
hadr-013,humanitarian mine action (HMA),HMA,hadr,3,"Activities that strive to reduce the social, economic, and environmental impact of land mines, unexploded ordnance, and small arms ammunition. Also called HMA.",doctrine,us-dod-dict-2026-08,DoD Dictionary (Aug 2026),71,Doctrinal reference: JP 3-15.,owner (delegated 2026-10-03)
brev-019,JOKER,,brevity,2,"Fuel state above BINGO at which separation, BUGOUT, or event termination should begin.",doctrine,us-atp-1-02-1,ATP 1-02.1 (2024),25,,owner (delegated 2026-10-03)
brev-020,WINCHESTER,,brevity,2,No ordnance remaining.,doctrine,us-atp-1-02-1,ATP 1-02.1 (2024),54,,owner (delegated 2026-10-03)
brev-021,PICTURE,,brevity,2,A request to provide information pertinent to the mission in a digital bullseye format unless briefed otherwise.,doctrine,us-atp-1-02-1,ATP 1-02.1 (2024),33,,owner (delegated 2026-10-03)
brev-022,DECLARE,,brevity,2,"Inquiry as to the ID of specified track(s), target(s), or correlated GROUP. Responses may include: FRIENDLY, BOGEY, BANDIT, HOSTILE, NEUTRAL, UNABLE, CLEAN, or FURBALL. Full positional data (BULLSEYE) or TRACK NUMBER must accompany responses.",doctrine,us-atp-1-02-1,ATP 1-02.1 (2024),14,,owner (delegated 2026-10-03)
brev-023,CLEAN,,brevity,3,1. [A/A] No sensor information on a GROUP of interest. 2. No visible battle damage. 3. Aircraft not carrying external stores.,doctrine,us-atp-1-02-1,ATP 1-02.1 (2024),10,,owner (delegated 2026-10-03)
brev-024,BLIND,,brevity,2,"No visual contact with FRIENDLY aircraft, ship, or ground position. Opposite of VISUAL.",doctrine,us-atp-1-02-1,ATP 1-02.1 (2024),5,,owner (delegated 2026-10-03)
brev-025,VISUAL,,brevity,2,Sighting of a FRIENDLY aircraft or ground position or ship. Opposite of BLIND.,doctrine,us-atp-1-02-1,ATP 1-02.1 (2024),52,,owner (delegated 2026-10-03)
brev-026,ABORT,,brevity,2,Cease action or terminate the attack prior to weapons release or event or mission.,doctrine,us-atp-1-02-1,ATP 1-02.1 (2024),2,,owner (delegated 2026-10-03)
brev-027,CHECK FIRE(ING),,brevity,2,Immediate pause of direct or indirect fires. May require coordination to continue.,doctrine,us-atp-1-02-1,ATP 1-02.1 (2024),9,,owner (delegated 2026-10-03)
brev-028,HOLD FIRE (brevity),,brevity,2,An emergency fire control order to stop firing on a designated target and destroy missiles in flight. NOTE CEASE FIRE does not destroy missiles in flight.,doctrine,us-atp-1-02-1,ATP 1-02.1 (2024),22,,owner (delegated 2026-10-03)
brev-029,MARK,,brevity,3,"1. Record the location of a point or object of interest. 2. ** [A/S] [S/S] Spotting round, normally white phosphorus or illumination on the deck to indicate targets to aircraft, ground troops, or fire support. 3. ** [A/A] Challenge and response term for requested aircraft to report contrails.",doctrine,us-atp-1-02-1,ATP 1-02.1 (2024),29,,owner (delegated 2026-10-03)
brev-030,MUSIC,,brevity,3,Radar electromagnetic deceptive jamming.,doctrine,us-atp-1-02-1,ATP 1-02.1 (2024),31,,owner (delegated 2026-10-03)
brev-031,BUZZER,,brevity,3,"Electromagnetic communications jamming. NOTE Same as North Atlantic Treaty Organization (NATO) term, CHATTER",doctrine,us-atp-1-02-1,ATP 1-02.1 (2024),7,,owner (delegated 2026-10-03)
brev-032,STROBE,,brevity,3,Radar indication(s) of noise jamming.,doctrine,us-atp-1-02-1,ATP 1-02.1 (2024),48,,owner (delegated 2026-10-03)
brev-033,NAKED,,brevity,3,"No radar warning receiver indications. unable to engage specified target (e.g., EAGLES NEGATE). Opposite of AFFIRM.",doctrine,us-atp-1-02-1,ATP 1-02.1 (2024),31,,owner (delegated 2026-10-03)
brev-034,SKATE,,brevity,3,"Call to execute launch and leave tactics at a prebriefed range. Modifiers include LONG, SHORT, or QUICK.",doctrine,us-atp-1-02-1,ATP 1-02.1 (2024),42,,owner (delegated 2026-10-03)
brev-035,BUSTER,,brevity,3,Fly at maximum continuous speed.,doctrine,us-atp-1-02-1,ATP 1-02.1 (2024),7,,owner (delegated 2026-10-03)
brev-036,GATE,,brevity,3,"Fly as quickly as possible, using after-burner or maximum power.",doctrine,us-atp-1-02-1,ATP 1-02.1 (2024),19,,owner (delegated 2026-10-03)
brev-037,PUSH,,brevity,3,Switch to designated frequency; no acknowledgment required.,doctrine,us-atp-1-02-1,ATP 1-02.1 (2024),35,,owner (delegated 2026-10-03)
brev-038,SNAP,,brevity,3,"1. [A/A] Fighter request for immediate BRAA call (with appropriate fill-ins) to the GROUP described. Indicates fighter intent to intercept or join. 2. [heading] Urgent directive call to turn to a heading. a radar contact inside briefed threat range with BEAM, FLANK, or HOT aspect and is unable to complete sanitization responsibilities implying ownership. A SNAPLOCK call should be responded to with BRAA.",doctrine,us-atp-1-02-1,ATP 1-02.1 (2024),44,,owner (delegated 2026-10-03)
brev-039,SPOT,,brevity,3,1. [A/S] Acquisition of the reflected laser energy. 2. Platform is laser spot tracker capable.,doctrine,us-atp-1-02-1,ATP 1-02.1 (2024),45,,owner (delegated 2026-10-03)
brev-040,CONTACT,,brevity,2,1. Sensor information at the stated position. 2. [A/S] Acknowledges sighting of a specified reference point (either visually or via sensor). 3. [A/A] Individual radar return within a GROUP or ARM.,doctrine,us-atp-1-02-1,ATP 1-02.1 (2024),12,,owner (delegated 2026-10-03)
brev-041,LOST LOCK,,brevity,3,Loss of host radar or IR lock-on.,doctrine,us-atp-1-02-1,ATP 1-02.1 (2024),28,,owner (delegated 2026-10-03)
brev-042,FADED,,brevity,3,Sensor data is lost on GROUP or CONTACT. Requires information of last known position to include number of CONTACTS and TRACK direction.,doctrine,us-atp-1-02-1,ATP 1-02.1 (2024),17,,owner (delegated 2026-10-03)
brev-043,POP,,brevity,3,1. [A/S] Starting climb for A/S attack. 2. [A/A] Maximum performance climb out of lowaltitude structure.,doctrine,us-atp-1-02-1,ATP 1-02.1 (2024),34,,owner (delegated 2026-10-03)
brev-044,SORTED,,brevity,3,Sort responsibility within a GROUP has been met.,doctrine,us-atp-1-02-1,ATP 1-02.1 (2024),44,,owner (delegated 2026-10-03)
brev-045,STATUS,,brevity,3,"1. Request for an individual’s tactical situation. 2. * Request for amplifying information on current task or aircraft state (e.g., respond with WORKING, JONESING, CONTACT, CAPTURE, TARGETED, LOCKED, CLEAN, ENGAGED, FUEL (RED/YELLOW/GREEN), WEAPON (RED/YELLOW/GREEN) ready or plain English).",doctrine,us-atp-1-02-1,ATP 1-02.1 (2024),47,,owner (delegated 2026-10-03)
brev-046,TRACK (brevity),,brevity,3,"1. ** [A/A] GROUP or CONTACTS direction of flight or movement. 2. ** [A/S] [S/S] Directive call assigning responsibility to an asset for maintaining sensor or visual observation of a defined object or area. 3. ** [A/S] Rotary-wing directive call to establish race track (e.g., “Taz 31, TRACK left). 4. ** [A/S] [AIR-MAR] Information call stating direction of vehicle or CONTACT in motion (e.g., TALLY TECHNICAL TRACK Northwest).",doctrine,us-atp-1-02-1,ATP 1-02.1 (2024),51,,owner (delegated 2026-10-03)
brev-047,SAM,,brevity,3,Visual acquisition of a SAM in flight or a SAM launch; should include position.,doctrine,us-atp-1-02-1,ATP 1-02.1 (2024),39,,owner (delegated 2026-10-03)
brev-048,THREAT,,brevity,2,"Untargeted HOSTILE, BANDIT, or BOGEY is within a briefed range of a FRIENDLY aircraft.",doctrine,us-atp-1-02-1,ATP 1-02.1 (2024),50,,owner (delegated 2026-10-03)
brev-049,ENGAGED,,brevity,2,Call from an aircraft maneuvering in the visual arena to relinquish deconfliction responsibilities.,doctrine,us-atp-1-02-1,ATP 1-02.1 (2024),16,,owner (delegated 2026-10-03)
brev-050,COMMIT,,brevity,3,1. * [A/A] Intercept the GROUP(S) of interest. 2. * [A/A] Set briefed intercept geometry.,doctrine,us-atp-1-02-1,ATP 1-02.1 (2024),12,,owner (delegated 2026-10-03)
brev-051,BRACKET,,brevity,3,"Maneuver to a position on opposite sides, either laterally or vertically from the target.",doctrine,us-atp-1-02-1,ATP 1-02.1 (2024),6,,owner (delegated 2026-10-03)
brev-052,BREAK (direction),,brevity,3,Perform an immediate maximum performance turn in the indicated direction (default is a 180-degree turn).,doctrine,us-atp-1-02-1,ATP 1-02.1 (2024),6,,owner (delegated 2026-10-03)
brev-053,KILL,,brevity,2,"In training, shooters are TALLY at assessed missile timeout.",doctrine,us-atp-1-02-1,ATP 1-02.1 (2024),26,,owner (delegated 2026-10-03)
brev-054,SCRAM,,brevity,3,1. FRIENDLY asset is in immediate danger. Withdraw clear in the direction indicated for survival. No further mission support from the FRIENDLY asset is expected. 2. ** [A/A] [S/A] [EW] Cease the intercept and take immediate evasive action. Implies that the target aircraft is being engaged by SAMs or other air defense fighters. 3. ** [A/A] Directive term to instruct air traffic control to clear all civilian or nonengagement aircraft outside a specific area. TERMINATE SCRAM will resume normal operations.,doctrine,us-atp-1-02-1,ATP 1-02.1 (2024),40,,owner (delegated 2026-10-03)
brev-055,LEAKER,,brevity,2,Airborne threat has passed through a defensive layer. Call should include amplifying information.,doctrine,us-atp-1-02-1,ATP 1-02.1 (2024),27,,owner (delegated 2026-10-03)
